,youtube_id,class_id,object_id,image_nb,xmin,xmax,ymin,ymax,found_id,found_prec
0,-1je1K1ihbk,14,1,1,283.0,176.0,335.0,287.0,39,0.504054844379425
1,-1je1K1ihbk,14,1,7,144.0,39.0,258.0,352.0,36,0.6155989170074463
2,-1je1K1ihbk,14,1,8,160.0,3.0,277.0,274.0,36,0.4344498813152313
3,-1je1K1ihbk,14,1,10,239.0,97.0,459.0,355.0,72,0.721713662147522
4,-1je1K1ihbk,14,1,13,7.0,5.0,479.0,347.0,25,0.4149135649204254
5,-1je1K1ihbk,14,1,14,413.0,111.0,480.0,355.0,79,0.4074919819831848
6,-1je1K1ihbk,14,1,15,221.0,57.0,361.0,235.0,29,0.6984813809394836
7,-1je1K1ihbk,14,2,17,148.0,163.0,248.0,357.0,36,0.5850366353988647
8,-1je1K1ihbk,14,2,18,407.0,227.0,479.0,357.0,0,0.48858657479286194
