,youtube_id,class_id,object_id,image_nb,xmin,xmax,ymin,ymax,found_id,found_prec
0,-2iw3MzUP2Y,11,0,1,69.0,92.0,245.0,276.0,0,0.6569094061851501
1,-2iw3MzUP2Y,11,0,1,60.0,210.0,240.0,356.0,3,0.4557834267616272
2,-2iw3MzUP2Y,11,0,2,68.0,92.0,246.0,345.0,0,0.7249945402145386
3,-2iw3MzUP2Y,11,0,2,59.0,209.0,240.0,356.0,3,0.400267094373703
4,-2iw3MzUP2Y,11,0,3,75.0,71.0,286.0,339.0,0,0.5629708170890808
5,-2iw3MzUP2Y,11,0,4,210.0,33.0,386.0,263.0,0,0.44793716073036194
6,-2iw3MzUP2Y,11,0,5,10.0,22.0,188.0,330.0,0,0.47685855627059937
7,-2iw3MzUP2Y,11,0,9,0.0,132.0,59.0,357.0,3,0.40873146057128906
8,-2iw3MzUP2Y,11,0,10,0.0,181.0,449.0,357.0,3,0.4301299750804901
