,youtube_id,class_id,object_id,image_nb,xmin,xmax,ymin,ymax,found_id,found_prec
0,-3haUFlsCf8,18,0,1,139.0,0.0,196.0,74.0,61,0.49577537178993225
1,-3haUFlsCf8,18,0,3,0.0,21.0,85.0,151.0,61,0.7593419551849365
2,-3haUFlsCf8,18,0,18,2.0,124.0,291.0,354.0,61,0.5332652926445007
3,-3haUFlsCf8,18,0,19,22.0,234.0,156.0,356.0,61,0.6369785666465759
