,youtube_id,class_id,object_id,image_nb,xmin,xmax,ymin,ymax,found_id,found_prec
0,-3KHnEzq7Go,7,0,4,121.0,111.0,206.0,165.0,21,0.42951568961143494
1,-3KHnEzq7Go,7,1,11,2.0,9.0,318.0,226.0,15,0.4143916666507721
2,-3KHnEzq7Go,7,1,13,2.0,10.0,319.0,225.0,15,0.44623059034347534
3,-3KHnEzq7Go,7,1,15,5.0,5.0,320.0,229.0,15,0.4576130509376526
4,-3KHnEzq7Go,7,1,17,12.0,14.0,320.0,238.0,15,0.41385287046432495
5,-3KHnEzq7Go,7,1,18,36.0,21.0,320.0,235.0,15,0.5017819404602051
6,-3KHnEzq7Go,7,1,19,17.0,24.0,290.0,235.0,15,0.45154544711112976
