,youtube_id,class_id,object_id,image_nb,xmin,xmax,ymin,ymax,found_id,found_prec
0,-3rVYXTBDM4,11,0,8,1.0,7.0,315.0,220.0,3,0.4177481532096863
1,-3rVYXTBDM4,11,0,10,3.0,17.0,318.0,232.0,2,0.43887853622436523
2,-3rVYXTBDM4,11,0,11,70.0,0.0,180.0,68.0,0,0.5271087884902954
3,-3rVYXTBDM4,11,0,13,12.0,16.0,317.0,234.0,0,0.4005216360092163
4,-3rVYXTBDM4,11,0,14,3.0,20.0,320.0,236.0,0,0.40014728903770447
5,-3rVYXTBDM4,11,0,15,0.0,35.0,102.0,134.0,67,0.5343596339225769
6,-3rVYXTBDM4,11,0,18,175.0,0.0,319.0,236.0,0,0.5651136636734009
7,-3rVYXTBDM4,11,0,19,156.0,3.0,320.0,234.0,0,0.4381387531757355
