,youtube_id,class_id,object_id,image_nb,xmin,xmax,ymin,ymax,found_id,found_prec
0,-4tpVkl0yR0,11,0,7,7.0,1.0,320.0,240.0,3,0.42130246758461
1,-4tpVkl0yR0,11,0,14,0.0,4.0,314.0,226.0,3,0.4856968820095062
2,-4tpVkl0yR0,11,0,15,2.0,1.0,318.0,230.0,3,0.45246419310569763
