,youtube_id,class_id,object_id,image_nb,xmin,xmax,ymin,ymax,found_id,found_prec
0,-5P5_ueW8Qs,0,0,3,151.0,62.0,413.0,230.0,62,0.5297257900238037
1,-5P5_ueW8Qs,0,0,7,176.0,75.0,415.0,326.0,62,0.4054466784000397
2,-5P5_ueW8Qs,0,0,9,135.0,98.0,369.0,348.0,63,0.4591318368911743
3,-5P5_ueW8Qs,0,0,12,200.0,58.0,452.0,292.0,62,0.5710300803184509
4,-5P5_ueW8Qs,0,0,12,0.0,14.0,320.0,356.0,0,0.47340112924575806
5,-5P5_ueW8Qs,0,0,18,163.0,74.0,373.0,247.0,67,0.4847372770309448
