,youtube_id,class_id,object_id,image_nb,xmin,xmax,ymin,ymax,found_id,found_prec
0,-5paDqLGfNY,0,0,1,131.0,100.0,296.0,357.0,75,0.4179685413837433
1,-5paDqLGfNY,0,0,7,111.0,81.0,285.0,355.0,14,0.5590618848800659
2,-5paDqLGfNY,0,0,8,0.0,173.0,163.0,358.0,0,0.4231640100479126
3,-5paDqLGfNY,0,0,9,1.0,129.0,170.0,355.0,0,0.47653838992118835
