,youtube_id,class_id,object_id,image_nb,xmin,xmax,ymin,ymax,found_id,found_prec
0,-7PK5Oivnug,0,0,1,50.0,2.0,97.0,130.0,0,0.6261752247810364
1,-7PK5Oivnug,0,0,2,53.0,2.0,97.0,131.0,0,0.6843668818473816
2,-7PK5Oivnug,0,0,4,57.0,1.0,153.0,39.0,0,0.58531653881073
3,-7PK5Oivnug,0,0,4,16.0,7.0,233.0,139.0,28,0.4479379653930664
4,-7PK5Oivnug,0,0,5,276.0,30.0,320.0,97.0,39,0.42447537183761597
5,-7PK5Oivnug,0,0,6,288.0,30.0,320.0,139.0,39,0.5252399444580078
6,-7PK5Oivnug,0,0,6,191.0,111.0,239.0,156.0,15,0.4085811972618103
7,-7PK5Oivnug,0,0,8,0.0,5.0,77.0,240.0,0,0.5752981901168823
8,-7PK5Oivnug,0,0,15,38.0,37.0,148.0,185.0,0,0.5405305624008179
