,youtube_id,class_id,object_id,image_nb,xmin,xmax,ymin,ymax,found_id,found_prec
0,-_snzLHdxAg,11,0,8,127.0,89.0,302.0,258.0,41,0.5036728978157043
1,-_snzLHdxAg,11,0,9,225.0,52.0,420.0,336.0,16,0.5063286423683167
2,-_snzLHdxAg,11,0,13,210.0,85.0,305.0,300.0,46,0.5374780893325806
3,-_snzLHdxAg,11,0,15,1.0,0.0,286.0,231.0,46,0.4712839424610138
4,-_snzLHdxAg,11,0,16,0.0,3.0,105.0,173.0,0,0.40799641609191895
