,youtube_id,class_id,object_id,image_nb,xmin,xmax,ymin,ymax,found_id,found_prec
0,-a__1n6ue0w,0,0,1,158.0,136.0,204.0,246.0,0,0.7517495155334473
1,-a__1n6ue0w,0,0,1,71.0,90.0,108.0,189.0,0,0.7393004894256592
2,-a__1n6ue0w,0,0,1,0.0,98.0,50.0,218.0,0,0.5486343502998352
3,-a__1n6ue0w,0,0,1,332.0,134.0,352.0,217.0,0,0.4718703329563141
4,-a__1n6ue0w,0,0,2,157.0,135.0,204.0,246.0,0,0.7654773592948914
5,-a__1n6ue0w,0,0,2,71.0,92.0,110.0,188.0,0,0.66648930311203
6,-a__1n6ue0w,0,0,2,0.0,98.0,51.0,218.0,0,0.6133805513381958
7,-a__1n6ue0w,0,0,12,155.0,134.0,210.0,235.0,0,0.4489456117153168
