,youtube_id,class_id,object_id,image_nb,xmin,xmax,ymin,ymax,found_id,found_prec
0,-b3CfAWDn1I,7,0,4,123.0,124.0,480.0,296.0,15,0.6584294438362122
1,-b3CfAWDn1I,7,0,5,10.0,98.0,404.0,285.0,15,0.4326886236667633
2,-b3CfAWDn1I,7,0,8,2.0,53.0,419.0,355.0,0,0.4097968637943268
3,-b3CfAWDn1I,7,0,9,147.0,21.0,350.0,291.0,15,0.4462622106075287
4,-b3CfAWDn1I,7,0,11,86.0,44.0,320.0,316.0,15,0.5711680054664612
5,-b3CfAWDn1I,7,0,12,88.0,43.0,362.0,285.0,15,0.46745163202285767
6,-b3CfAWDn1I,7,0,13,78.0,41.0,368.0,282.0,15,0.6840488910675049
7,-b3CfAWDn1I,7,0,15,2.0,159.0,240.0,357.0,0,0.4589149057865143
