,youtube_id,class_id,object_id,image_nb,xmin,xmax,ymin,ymax,found_id,found_prec
0,-BENOTgPNwY,18,0,3,82.0,85.0,259.0,351.0,61,0.8660245537757874
1,-BENOTgPNwY,18,0,4,201.0,0.0,368.0,150.0,61,0.7258663773536682
2,-BENOTgPNwY,18,0,5,266.0,1.0,464.0,155.0,61,0.6574840545654297
3,-BENOTgPNwY,18,0,6,238.0,15.0,425.0,348.0,61,0.8335110545158386
4,-BENOTgPNwY,18,0,7,229.0,173.0,426.0,358.0,61,0.44717732071876526
5,-BENOTgPNwY,18,0,9,0.0,136.0,159.0,354.0,61,0.5915868878364563
