,youtube_id,class_id,object_id,image_nb,xmin,xmax,ymin,ymax,found_id,found_prec
0,-bhKvA6InrY,7,0,5,159.0,46.0,338.0,166.0,15,0.4501582682132721
1,-bhKvA6InrY,7,0,6,203.0,20.0,350.0,164.0,15,0.5246940851211548
2,-bhKvA6InrY,7,0,7,112.0,40.0,318.0,167.0,15,0.6823297142982483
3,-bhKvA6InrY,7,0,7,1.0,79.0,118.0,181.0,15,0.45719796419143677
4,-bhKvA6InrY,7,0,10,213.0,55.0,351.0,163.0,15,0.6434398889541626
5,-bhKvA6InrY,7,0,10,21.0,47.0,209.0,175.0,15,0.42899784445762634
6,-bhKvA6InrY,7,0,11,40.0,28.0,291.0,185.0,15,0.4906170964241028
7,-bhKvA6InrY,7,0,17,245.0,0.0,352.0,127.0,15,0.5091026425361633
