,youtube_id,class_id,object_id,image_nb,xmin,xmax,ymin,ymax,found_id,found_prec
0,-bJkl4q5f-A,1,0,11,264.0,288.0,499.0,695.0,75,0.42769938707351685
1,-bJkl4q5f-A,1,0,17,679.0,246.0,796.0,337.0,14,0.43599531054496765
2,-bJkl4q5f-A,1,0,17,235.0,394.0,572.0,493.0,8,0.40160074830055237
3,-bJkl4q5f-A,1,0,18,448.0,160.0,581.0,291.0,0,0.4710467755794525
