,youtube_id,class_id,object_id,image_nb,xmin,xmax,ymin,ymax,found_id,found_prec
0,-bmV-lAg_PM,0,0,9,0.0,53.0,12.0,90.0,0,0.415139764547348
1,-bmV-lAg_PM,0,0,11,172.0,112.0,188.0,126.0,2,0.4675234854221344
2,-bmV-lAg_PM,0,0,12,62.0,65.0,80.0,83.0,2,0.49117597937583923
3,-bmV-lAg_PM,0,0,12,26.0,71.0,55.0,142.0,0,0.4522998332977295
4,-bmV-lAg_PM,0,0,17,53.0,60.0,83.0,128.0,0,0.4391911029815674
