,youtube_id,class_id,object_id,image_nb,xmin,xmax,ymin,ymax,found_id,found_prec
0,-DgARJTu8iE,12,0,9,112.0,11.0,320.0,78.0,52,0.44624650478363037
1,-DgARJTu8iE,12,0,11,52.0,28.0,317.0,205.0,0,0.4140075743198395
2,-DgARJTu8iE,12,0,14,143.0,11.0,319.0,218.0,0,0.44863685965538025
3,-DgARJTu8iE,12,1,1,113.0,79.0,312.0,189.0,43,0.42690205574035645
4,-DgARJTu8iE,12,1,2,118.0,79.0,312.0,189.0,43,0.4096755385398865
5,-DgARJTu8iE,12,1,4,149.0,13.0,320.0,165.0,0,0.44029203057289124
6,-DgARJTu8iE,12,1,14,170.0,11.0,320.0,233.0,0,0.6109898090362549
7,-DgARJTu8iE,12,1,15,0.0,7.0,320.0,234.0,0,0.45768705010414124
