,youtube_id,class_id,object_id,image_nb,xmin,xmax,ymin,ymax,found_id,found_prec
0,-EANmlLqt7Q,1,0,3,57.0,97.0,125.0,143.0,0,0.6550390720367432
1,-EANmlLqt7Q,1,0,11,72.0,35.0,191.0,141.0,0,0.4442659914493561
2,-EANmlLqt7Q,1,2,11,127.0,23.0,143.0,49.0,0,0.41998031735420227
3,-EANmlLqt7Q,1,2,13,128.0,42.0,141.0,68.0,0,0.4940049350261688
4,-EANmlLqt7Q,1,2,16,130.0,35.0,146.0,63.0,0,0.669253945350647
