,youtube_id,class_id,object_id,image_nb,xmin,xmax,ymin,ymax,found_id,found_prec
0,-eIn97dgXbc,19,0,3,132.0,51.0,210.0,177.0,0,0.6183469891548157
1,-eIn97dgXbc,19,0,5,319.0,35.0,444.0,149.0,0,0.5930832624435425
2,-eIn97dgXbc,19,0,6,238.0,83.0,277.0,122.0,19,0.49278464913368225
3,-eIn97dgXbc,19,0,8,0.0,31.0,126.0,351.0,14,0.7905240058898926
4,-eIn97dgXbc,19,0,9,19.0,12.0,130.0,220.0,14,0.4420068860054016
5,-eIn97dgXbc,19,0,11,14.0,47.0,245.0,294.0,14,0.45448872447013855
6,-eIn97dgXbc,19,0,21,1.0,220.0,113.0,358.0,0,0.4110831618309021
