,youtube_id,class_id,object_id,image_nb,xmin,xmax,ymin,ymax,found_id,found_prec
0,-eXLhkFnJ_E,1,0,1,66.0,62.0,208.0,237.0,14,0.6225788593292236
1,-eXLhkFnJ_E,1,0,2,67.0,63.0,207.0,235.0,14,0.4923914074897766
2,-eXLhkFnJ_E,1,0,3,109.0,16.0,243.0,154.0,14,0.701775848865509
3,-eXLhkFnJ_E,1,0,3,0.0,1.0,83.0,32.0,0,0.4261172413825989
4,-eXLhkFnJ_E,1,0,4,61.0,0.0,201.0,101.0,14,0.8767955303192139
5,-eXLhkFnJ_E,1,0,7,0.0,89.0,154.0,234.0,14,0.5793384313583374
6,-eXLhkFnJ_E,1,0,7,1.0,89.0,154.0,235.0,0,0.45523664355278015
7,-eXLhkFnJ_E,1,0,10,44.0,75.0,73.0,100.0,33,0.7138360738754272
