,youtube_id,class_id,object_id,image_nb,xmin,xmax,ymin,ymax,found_id,found_prec
0,-fnhznKC3CU,0,0,3,11.0,87.0,293.0,235.0,0,0.5103915929794312
1,-fnhznKC3CU,0,0,9,68.0,80.0,300.0,236.0,0,0.4199110269546509
2,-fnhznKC3CU,0,0,13,127.0,157.0,173.0,191.0,67,0.6169630885124207
3,-fnhznKC3CU,0,0,13,87.0,20.0,317.0,234.0,0,0.4746812880039215
4,-fnhznKC3CU,0,0,19,87.0,17.0,314.0,240.0,0,0.42722761631011963
