,youtube_id,class_id,object_id,image_nb,xmin,xmax,ymin,ymax,found_id,found_prec
0,-FTV7nPag30,11,0,9,228.0,15.0,362.0,356.0,75,0.5890803933143616
1,-FTV7nPag30,11,0,10,163.0,174.0,261.0,357.0,39,0.5236490368843079
2,-FTV7nPag30,11,0,18,19.0,17.0,332.0,355.0,0,0.4146718382835388
