,youtube_id,class_id,object_id,image_nb,xmin,xmax,ymin,ymax,found_id,found_prec
0,-i5l9gxtpck,11,0,4,97.0,242.0,124.0,260.0,51,0.47410112619400024
1,-i5l9gxtpck,11,0,5,2.0,5.0,177.0,275.0,40,0.4014756679534912
2,-i5l9gxtpck,11,1,8,1.0,232.0,266.0,360.0,71,0.4104077219963074
