,youtube_id,class_id,object_id,image_nb,xmin,xmax,ymin,ymax,found_id,found_prec
0,-JaYroKa_C4,18,0,1,128.0,12.0,369.0,354.0,61,0.7540662884712219
1,-JaYroKa_C4,18,0,2,128.0,14.0,368.0,354.0,61,0.7347251772880554
2,-JaYroKa_C4,18,0,3,149.0,186.0,367.0,355.0,61,0.7089102268218994
