,youtube_id,class_id,object_id,image_nb,xmin,xmax,ymin,ymax,found_id,found_prec
0,-jEaUUOul4g,18,0,1,192.0,70.0,437.0,360.0,0,0.8917303085327148
1,-jEaUUOul4g,18,0,2,191.0,73.0,437.0,356.0,0,0.8761541843414307
2,-jEaUUOul4g,18,0,5,323.0,236.0,479.0,357.0,0,0.4523261785507202
3,-jEaUUOul4g,18,0,7,236.0,31.0,480.0,359.0,0,0.4103350043296814
4,-jEaUUOul4g,18,0,9,144.0,111.0,462.0,356.0,71,0.41043317317962646
5,-jEaUUOul4g,18,0,10,385.0,90.0,409.0,167.0,39,0.47917208075523376
6,-jEaUUOul4g,18,0,17,182.0,81.0,356.0,315.0,61,0.8857121467590332
7,-jEaUUOul4g,18,0,18,143.0,89.0,319.0,317.0,61,0.8919668793678284
8,-jEaUUOul4g,18,0,18,1.0,295.0,169.0,357.0,61,0.4042331278324127
