,youtube_id,class_id,object_id,image_nb,xmin,xmax,ymin,ymax,found_id,found_prec
0,-jnsuXWLq58,7,0,1,250.0,205.0,327.0,355.0,15,0.7136765122413635
1,-jnsuXWLq58,7,0,1,251.0,206.0,328.0,356.0,16,0.48447385430336
2,-jnsuXWLq58,7,0,2,252.0,205.0,328.0,355.0,15,0.7727144956588745
3,-jnsuXWLq58,7,0,2,253.0,210.0,327.0,355.0,16,0.5055314898490906
4,-jnsuXWLq58,7,0,3,272.0,207.0,366.0,357.0,15,0.8837375044822693
5,-jnsuXWLq58,7,0,4,164.0,224.0,367.0,358.0,15,0.7189098000526428
6,-jnsuXWLq58,7,0,17,4.0,17.0,477.0,352.0,0,0.5112645626068115
