,youtube_id,class_id,object_id,image_nb,xmin,xmax,ymin,ymax,found_id,found_prec
0,-Jrbzs88Yoc,5,0,1,70.0,13.0,211.0,155.0,21,0.4607035219669342
1,-Jrbzs88Yoc,5,0,5,315.0,71.0,347.0,146.0,39,0.4725149869918823
2,-Jrbzs88Yoc,5,0,5,387.0,58.0,450.0,157.0,0,0.41988036036491394
3,-Jrbzs88Yoc,5,0,12,271.0,149.0,410.0,347.0,21,0.8324226140975952
4,-Jrbzs88Yoc,5,0,13,270.0,149.0,408.0,345.0,21,0.468185693025589
5,-Jrbzs88Yoc,5,0,14,265.0,151.0,407.0,345.0,18,0.6672493815422058
