,youtube_id,class_id,object_id,image_nb,xmin,xmax,ymin,ymax,found_id,found_prec
0,-kLIF2a7yeU,0,0,1,129.0,0.0,192.0,36.0,62,0.4301665425300598
1,-kLIF2a7yeU,0,0,5,83.0,30.0,155.0,142.0,0,0.5980501770973206
2,-kLIF2a7yeU,0,0,9,78.0,38.0,148.0,141.0,0,0.7768487334251404
3,-kLIF2a7yeU,0,0,10,65.0,45.0,131.0,142.0,0,0.603400707244873
4,-kLIF2a7yeU,0,0,11,48.0,43.0,112.0,143.0,0,0.5367267727851868
5,-kLIF2a7yeU,0,0,11,0.0,28.0,46.0,142.0,0,0.5065949559211731
6,-kLIF2a7yeU,0,0,11,131.0,0.0,192.0,137.0,0,0.4360887110233307
7,-kLIF2a7yeU,0,0,13,95.0,32.0,160.0,143.0,0,0.47552430629730225
8,-kLIF2a7yeU,0,0,14,109.0,34.0,154.0,141.0,0,0.6592530012130737
