,youtube_id,class_id,object_id,image_nb,xmin,xmax,ymin,ymax,found_id,found_prec
0,-L-LUhDbQHE,0,0,3,148.0,38.0,214.0,186.0,0,0.5607200860977173
1,-L-LUhDbQHE,0,0,9,55.0,14.0,163.0,236.0,0,0.621393084526062
2,-L-LUhDbQHE,0,0,12,1.0,6.0,138.0,232.0,0,0.7485339045524597
3,-L-LUhDbQHE,0,0,18,224.0,87.0,320.0,235.0,0,0.40149030089378357
4,-L-LUhDbQHE,0,0,19,207.0,68.0,309.0,229.0,0,0.42961540818214417
