,youtube_id,class_id,object_id,image_nb,xmin,xmax,ymin,ymax,found_id,found_prec
0,-ljePPCap6w,12,0,5,135.0,3.0,490.0,337.0,0,0.508837878704071
1,-ljePPCap6w,12,0,7,173.0,50.0,490.0,345.0,0,0.48671069741249084
2,-ljePPCap6w,12,0,10,180.0,1.0,490.0,143.0,0,0.43309009075164795
3,-ljePPCap6w,12,0,12,0.0,8.0,476.0,353.0,53,0.45447465777397156
4,-ljePPCap6w,12,0,17,233.0,41.0,490.0,207.0,0,0.4198387563228607
5,-ljePPCap6w,12,0,19,211.0,1.0,488.0,176.0,0,0.5998541116714478
