,youtube_id,class_id,object_id,image_nb,xmin,xmax,ymin,ymax,found_id,found_prec
0,-Mgy4XyurLE,11,0,8,69.0,4.0,131.0,66.0,11,0.4284040629863739
1,-Mgy4XyurLE,11,0,9,65.0,6.0,131.0,68.0,11,0.44554826617240906
2,-Mgy4XyurLE,11,0,13,115.0,134.0,182.0,235.0,50,0.5215621590614319
