,youtube_id,class_id,object_id,image_nb,xmin,xmax,ymin,ymax,found_id,found_prec
0,-Mr6ffwjQkY,19,0,1,276.0,156.0,376.0,224.0,16,0.6539167165756226
1,-Mr6ffwjQkY,19,0,5,290.0,63.0,389.0,163.0,14,0.47685083746910095
2,-Mr6ffwjQkY,19,0,7,256.0,126.0,306.0,230.0,14,0.6048821806907654
3,-Mr6ffwjQkY,19,0,8,301.0,160.0,386.0,240.0,21,0.444477379322052
4,-Mr6ffwjQkY,19,0,9,280.0,144.0,373.0,229.0,21,0.4176710247993469
5,-Mr6ffwjQkY,19,0,10,286.0,129.0,410.0,199.0,21,0.41034427285194397
6,-Mr6ffwjQkY,19,0,15,291.0,159.0,357.0,226.0,19,0.4435631036758423
