,youtube_id,class_id,object_id,image_nb,xmin,xmax,ymin,ymax,found_id,found_prec
0,-oy947zsdUU,1,0,8,149.0,210.0,202.0,273.0,56,0.8593034744262695
1,-oy947zsdUU,1,0,11,69.0,223.0,93.0,255.0,14,0.5019766092300415
2,-oy947zsdUU,1,0,12,0.0,197.0,34.0,270.0,56,0.6318351626396179
