,youtube_id,class_id,object_id,image_nb,xmin,xmax,ymin,ymax,found_id,found_prec
0,-POL_FA3XmQ,18,0,3,23.0,150.0,272.0,356.0,61,0.6860381364822388
1,-POL_FA3XmQ,18,0,4,45.0,37.0,289.0,358.0,61,0.7597615122795105
2,-POL_FA3XmQ,18,0,5,5.0,111.0,229.0,355.0,61,0.8189027309417725
3,-POL_FA3XmQ,18,0,7,207.0,187.0,348.0,355.0,61,0.41496381163597107
4,-POL_FA3XmQ,18,0,8,248.0,276.0,382.0,357.0,61,0.44557416439056396
