,youtube_id,class_id,object_id,image_nb,xmin,xmax,ymin,ymax,found_id,found_prec
0,-PqCRbEBWfQ,18,0,1,89.0,0.0,365.0,350.0,61,0.4919399321079254
1,-PqCRbEBWfQ,18,0,2,46.0,0.0,453.0,352.0,61,0.4245172441005707
2,-PqCRbEBWfQ,18,0,3,114.0,17.0,436.0,360.0,61,0.520007848739624
3,-PqCRbEBWfQ,18,0,9,69.0,2.0,444.0,358.0,61,0.45647019147872925
4,-PqCRbEBWfQ,18,0,13,35.0,100.0,435.0,295.0,66,0.47737568616867065
5,-PqCRbEBWfQ,18,0,13,52.0,106.0,447.0,293.0,64,0.4241768419742584
6,-PqCRbEBWfQ,18,0,16,260.0,215.0,387.0,358.0,42,0.5585828423500061
7,-PqCRbEBWfQ,18,0,17,1.0,1.0,114.0,87.0,41,0.6972439885139465
