,youtube_id,class_id,object_id,image_nb,xmin,xmax,ymin,ymax,found_id,found_prec
0,-pQqPKsBGNI,0,0,4,25.0,49.0,640.0,352.0,0,0.4496253430843353
1,-pQqPKsBGNI,0,0,10,242.0,0.0,438.0,107.0,74,0.6539680361747742
2,-pQqPKsBGNI,0,0,10,0.0,0.0,142.0,349.0,79,0.5183618068695068
3,-pQqPKsBGNI,0,0,11,306.0,113.0,496.0,266.0,74,0.6119648218154907
4,-pQqPKsBGNI,0,0,15,169.0,28.0,607.0,360.0,0,0.4138415455818176
5,-pQqPKsBGNI,0,0,16,172.0,7.0,632.0,353.0,0,0.48505333065986633
