,youtube_id,class_id,object_id,image_nb,xmin,xmax,ymin,ymax,found_id,found_prec
0,-qST9yIMKjY,0,0,1,235.0,94.0,313.0,202.0,0,0.582622766494751
1,-qST9yIMKjY,0,0,4,0.0,4.0,55.0,234.0,0,0.5180323123931885
2,-qST9yIMKjY,0,0,7,267.0,111.0,279.0,138.0,0,0.4159006178379059
