,youtube_id,class_id,object_id,image_nb,xmin,xmax,ymin,ymax,found_id,found_prec
0,-RsW4cn6YOs,7,0,8,335.0,47.0,446.0,96.0,65,0.5924984812736511
1,-RsW4cn6YOs,7,0,13,0.0,2.0,125.0,193.0,56,0.4743184745311737
2,-RsW4cn6YOs,7,0,18,14.0,23.0,392.0,354.0,15,0.4877019226551056
3,-RsW4cn6YOs,7,0,19,37.0,85.0,323.0,357.0,15,0.5224733948707581
4,-RsW4cn6YOs,7,0,19,0.0,3.0,101.0,178.0,56,0.4536055326461792
