,youtube_id,class_id,object_id,image_nb,xmin,xmax,ymin,ymax,found_id,found_prec
0,-RUf6b41tDk,21,0,9,3.0,6.0,270.0,360.0,0,0.44010400772094727
1,-RUf6b41tDk,21,0,11,111.0,199.0,163.0,264.0,14,0.6892778277397156
2,-RUf6b41tDk,21,0,12,4.0,0.0,256.0,358.0,0,0.8235551714897156
3,-RUf6b41tDk,21,0,13,7.0,6.0,254.0,359.0,0,0.7100833654403687
4,-RUf6b41tDk,21,0,14,1.0,190.0,75.0,250.0,25,0.46300163865089417
5,-RUf6b41tDk,21,0,19,8.0,4.0,266.0,358.0,0,0.48156046867370605
