,youtube_id,class_id,object_id,image_nb,xmin,xmax,ymin,ymax,found_id,found_prec
0,-tKgV7xsp5I,0,0,1,207.0,40.0,404.0,352.0,0,0.41461777687072754
1,-tKgV7xsp5I,0,0,2,207.0,40.0,406.0,353.0,0,0.4272953271865845
2,-tKgV7xsp5I,0,0,3,103.0,79.0,453.0,360.0,0,0.6375651359558105
3,-tKgV7xsp5I,0,0,5,45.0,62.0,402.0,359.0,0,0.48737087845802307
4,-tKgV7xsp5I,0,0,7,144.0,46.0,336.0,351.0,0,0.49627843499183655
5,-tKgV7xsp5I,0,0,8,135.0,4.0,374.0,360.0,0,0.444061815738678
6,-tKgV7xsp5I,0,0,9,158.0,24.0,359.0,354.0,0,0.41727596521377563
7,-tKgV7xsp5I,0,0,16,262.0,261.0,480.0,356.0,59,0.4320269525051117
8,-tKgV7xsp5I,0,0,17,16.0,9.0,374.0,358.0,0,0.4021349251270294
