,youtube_id,class_id,object_id,image_nb,xmin,xmax,ymin,ymax,found_id,found_prec
0,-UzCoG-s5y4,11,1,11,0.0,0.0,20.0,50.0,2,0.5804884433746338
1,-UzCoG-s5y4,11,1,12,0.0,0.0,40.0,57.0,2,0.7236063480377197
2,-UzCoG-s5y4,11,1,12,167.0,1.0,208.0,51.0,39,0.4224506616592407
3,-UzCoG-s5y4,11,1,13,222.0,0.0,269.0,42.0,39,0.6868205070495605
4,-UzCoG-s5y4,11,1,13,0.0,0.0,80.0,30.0,2,0.4774664640426636
5,-UzCoG-s5y4,11,1,14,233.0,0.0,281.0,42.0,39,0.6564681529998779
6,-UzCoG-s5y4,11,1,16,247.0,157.0,320.0,237.0,0,0.45802491903305054
