,youtube_id,class_id,object_id,image_nb,xmin,xmax,ymin,ymax,found_id,found_prec
0,-v7FXEhgwtE,0,0,1,136.0,51.0,208.0,314.0,0,0.7473803162574768
1,-v7FXEhgwtE,0,0,1,283.0,94.0,356.0,313.0,0,0.5777735114097595
2,-v7FXEhgwtE,0,0,1,229.0,83.0,313.0,313.0,0,0.42221009731292725
3,-v7FXEhgwtE,0,0,2,138.0,52.0,207.0,313.0,0,0.7681410312652588
4,-v7FXEhgwtE,0,0,2,268.0,92.0,365.0,315.0,0,0.5825949907302856
5,-v7FXEhgwtE,0,0,2,233.0,97.0,307.0,318.0,0,0.41408753395080566
6,-v7FXEhgwtE,0,0,9,281.0,1.0,387.0,329.0,0,0.4322604537010193
7,-v7FXEhgwtE,0,0,15,140.0,52.0,155.0,99.0,0,0.41976305842399597
