,youtube_id,class_id,object_id,image_nb,xmin,xmax,ymin,ymax,found_id,found_prec
0,-vkMKVuweFA,0,0,6,441.0,237.0,457.0,277.0,0,0.41636836528778076
1,-vkMKVuweFA,0,0,10,289.0,290.0,317.0,324.0,0,0.41283291578292847
2,-vkMKVuweFA,0,0,10,228.0,299.0,260.0,331.0,0,0.4054296016693115
