,youtube_id,class_id,object_id,image_nb,xmin,xmax,ymin,ymax,found_id,found_prec
0,-WnsNUVyiw0,7,0,4,255.0,157.0,320.0,235.0,54,0.733211100101471
1,-WnsNUVyiw0,7,0,4,124.0,186.0,181.0,238.0,0,0.48595210909843445
2,-WnsNUVyiw0,7,0,7,116.0,215.0,174.0,237.0,40,0.4940889775753021
3,-WnsNUVyiw0,7,0,7,116.0,215.0,175.0,237.0,67,0.45564427971839905
4,-WnsNUVyiw0,7,0,13,191.0,122.0,269.0,235.0,0,0.5336323976516724
