,youtube_id,class_id,object_id,image_nb,xmin,xmax,ymin,ymax,found_id,found_prec
0,-y652b4w3Ss,1,0,3,115.0,181.0,216.0,289.0,14,0.4832669198513031
1,-y652b4w3Ss,1,0,4,98.0,156.0,184.0,355.0,14,0.47646886110305786
2,-y652b4w3Ss,1,0,5,105.0,157.0,198.0,357.0,14,0.7527029514312744
3,-y652b4w3Ss,1,0,6,267.0,286.0,324.0,350.0,9,0.5741971731185913
4,-y652b4w3Ss,1,0,7,155.0,192.0,267.0,296.0,14,0.4933474361896515
5,-y652b4w3Ss,1,0,8,137.0,159.0,258.0,344.0,14,0.4545019268989563
6,-y652b4w3Ss,1,0,9,136.0,170.0,267.0,344.0,14,0.6453576683998108
7,-y652b4w3Ss,1,0,14,167.0,178.0,288.0,308.0,14,0.6282458305358887
8,-y652b4w3Ss,1,0,16,392.0,35.0,480.0,350.0,75,0.6393885612487793
