,youtube_id,class_id,object_id,image_nb,xmin,xmax,ymin,ymax,found_id,found_prec
0,-ZT1ohvdA9w,7,0,2,6.0,2.0,238.0,156.0,15,0.40364569425582886
1,-ZT1ohvdA9w,7,0,7,1.0,71.0,208.0,187.0,15,0.4476398229598999
2,-ZT1ohvdA9w,7,0,14,0.0,87.0,235.0,207.0,15,0.5628052949905396
3,-ZT1ohvdA9w,7,0,15,225.0,131.0,301.0,197.0,24,0.547447144985199
