,youtube_id,class_id,object_id,image_nb,xmin,xmax,ymin,ymax,found_id,found_prec
0,-ztjjhkTtvU,10,0,3,300.0,117.0,342.0,232.0,0,0.7675101161003113
1,-ztjjhkTtvU,10,0,3,0.0,163.0,40.0,199.0,7,0.5078548192977905
2,-ztjjhkTtvU,10,0,3,214.0,131.0,257.0,225.0,0,0.4507741928100586
3,-ztjjhkTtvU,10,0,4,193.0,182.0,346.0,271.0,17,0.49544909596443176
4,-ztjjhkTtvU,10,0,14,2.0,0.0,352.0,285.0,0,0.4199051558971405
5,-ztjjhkTtvU,10,0,16,0.0,208.0,85.0,286.0,0,0.47155457735061646
6,-ztjjhkTtvU,10,0,17,1.0,0.0,350.0,287.0,0,0.4333304166793823
