,youtube_id,class_id,object_id,image_nb,xmin,xmax,ymin,ymax,found_id,found_prec
0,0_XjGgn3h8U,19,0,1,322.0,25.0,480.0,353.0,2,0.6219947934150696
1,0_XjGgn3h8U,19,0,2,322.0,27.0,480.0,352.0,2,0.6324632167816162
2,0_XjGgn3h8U,19,0,5,22.0,112.0,291.0,307.0,19,0.620147705078125
3,0_XjGgn3h8U,19,0,6,132.0,105.0,326.0,349.0,16,0.6099501848220825
4,0_XjGgn3h8U,19,0,7,100.0,90.0,318.0,352.0,16,0.5422724485397339
5,0_XjGgn3h8U,19,0,8,113.0,83.0,347.0,261.0,16,0.47045138478279114
6,0_XjGgn3h8U,19,0,15,218.0,157.0,420.0,295.0,16,0.49101850390434265
