,youtube_id,class_id,object_id,image_nb,xmin,xmax,ymin,ymax,found_id,found_prec
0,0crSdgvedhc,7,0,3,189.0,0.0,367.0,296.0,75,0.4911857545375824
1,0crSdgvedhc,7,0,4,255.0,0.0,399.0,113.0,39,0.5228466391563416
2,0crSdgvedhc,7,0,4,10.0,4.0,637.0,357.0,60,0.4393209218978882
3,0crSdgvedhc,7,0,11,30.0,159.0,80.0,193.0,2,0.40874308347702026
4,0crSdgvedhc,7,0,16,349.0,154.0,510.0,359.0,0,0.6343184113502502
5,0crSdgvedhc,7,0,18,264.0,56.0,620.0,353.0,15,0.4873993992805481
