,youtube_id,class_id,object_id,image_nb,xmin,xmax,ymin,ymax,found_id,found_prec
0,0eOwZ4TyIDY,19,0,4,0.0,5.0,141.0,153.0,48,0.6196731925010681
1,0eOwZ4TyIDY,19,0,6,130.0,68.0,257.0,235.0,16,0.6685162782669067
2,0eOwZ4TyIDY,19,0,8,136.0,56.0,250.0,236.0,16,0.5565751194953918
3,0eOwZ4TyIDY,19,0,9,86.0,3.0,289.0,232.0,0,0.5313922166824341
4,0eOwZ4TyIDY,19,0,13,0.0,5.0,143.0,234.0,0,0.4802326560020447
5,0eOwZ4TyIDY,19,0,15,1.0,3.0,126.0,234.0,0,0.5034712553024292
6,0eOwZ4TyIDY,19,0,16,112.0,46.0,243.0,235.0,0,0.48356863856315613
