,youtube_id,class_id,object_id,image_nb,xmin,xmax,ymin,ymax,found_id,found_prec
0,0FcVxRQTNMw,11,0,1,436.0,79.0,472.0,109.0,16,0.4878006875514984
1,0FcVxRQTNMw,11,0,6,303.0,211.0,315.0,236.0,0,0.49122634530067444
2,0FcVxRQTNMw,11,0,6,372.0,199.0,385.0,226.0,0,0.4414474368095398
3,0FcVxRQTNMw,11,0,9,4.0,17.0,540.0,358.0,3,0.5112624168395996
4,0FcVxRQTNMw,11,0,17,255.0,78.0,294.0,98.0,2,0.5852473378181458
5,0FcVxRQTNMw,11,0,18,216.0,100.0,324.0,164.0,2,0.7951228022575378
