,youtube_id,class_id,object_id,image_nb,xmin,xmax,ymin,ymax,found_id,found_prec
0,0Fj4o1xx5aY,5,0,7,306.0,191.0,359.0,239.0,16,0.5682671070098877
1,0Fj4o1xx5aY,5,0,7,177.0,91.0,276.0,247.0,16,0.4500192701816559
2,0Fj4o1xx5aY,5,0,7,135.0,89.0,277.0,245.0,21,0.43796831369400024
3,0Fj4o1xx5aY,5,0,9,182.0,101.0,292.0,344.0,15,0.41165420413017273
4,0Fj4o1xx5aY,5,0,14,310.0,147.0,382.0,215.0,16,0.47421538829803467
5,0Fj4o1xx5aY,5,0,15,313.0,151.0,383.0,220.0,0,0.5776462554931641
6,0Fj4o1xx5aY,5,0,15,367.0,160.0,388.0,190.0,0,0.4788435101509094
7,0Fj4o1xx5aY,5,0,16,11.0,4.0,300.0,281.0,15,0.4482917785644531
8,0Fj4o1xx5aY,5,0,18,115.0,51.0,426.0,346.0,0,0.47019684314727783
