,youtube_id,class_id,object_id,image_nb,xmin,xmax,ymin,ymax,found_id,found_prec
0,0gPLBpBTKuM,21,0,2,154.0,226.0,260.0,357.0,0,0.4666023254394531
1,0gPLBpBTKuM,21,0,3,406.0,158.0,439.0,176.0,2,0.40805670619010925
2,0gPLBpBTKuM,21,0,8,116.0,114.0,431.0,210.0,25,0.6015830636024475
3,0gPLBpBTKuM,21,0,15,115.0,101.0,327.0,274.0,25,0.7338178753852844
4,0gPLBpBTKuM,21,0,15,202.0,135.0,315.0,313.0,0,0.43203526735305786
5,0gPLBpBTKuM,21,0,18,397.0,122.0,461.0,271.0,0,0.7022470831871033
6,0gPLBpBTKuM,21,0,18,101.0,115.0,344.0,357.0,0,0.5663988590240479
7,0gPLBpBTKuM,21,0,19,291.0,224.0,393.0,355.0,0,0.5697934031486511
8,0gPLBpBTKuM,21,0,19,157.0,104.0,348.0,358.0,0,0.5051108002662659
