,youtube_id,class_id,object_id,image_nb,xmin,xmax,ymin,ymax,found_id,found_prec
0,0IkKTiYxmI0,15,0,4,173.0,14.0,318.0,237.0,6,0.5109362006187439
1,0IkKTiYxmI0,15,1,1,0.0,6.0,45.0,232.0,6,0.6938585042953491
2,0IkKTiYxmI0,15,1,2,0.0,6.0,45.0,233.0,6,0.6869702339172363
