,youtube_id,class_id,object_id,image_nb,xmin,xmax,ymin,ymax,found_id,found_prec
0,0iph_NgWDQ4,3,0,3,217.0,116.0,386.0,350.0,10,0.4631211459636688
1,0iph_NgWDQ4,3,0,5,184.0,129.0,356.0,347.0,10,0.46988508105278015
2,0iph_NgWDQ4,3,0,6,221.0,105.0,382.0,353.0,10,0.5993799567222595
3,0iph_NgWDQ4,3,0,17,0.0,90.0,134.0,358.0,10,0.4468209743499756
4,0iph_NgWDQ4,3,0,18,159.0,146.0,480.0,355.0,37,0.6046994924545288
