,youtube_id,class_id,object_id,image_nb,xmin,xmax,ymin,ymax,found_id,found_prec
0,0Je_pdqwfCU,0,0,3,269.0,61.0,488.0,293.0,0,0.6879356503486633
1,0Je_pdqwfCU,0,0,8,388.0,76.0,544.0,302.0,0,0.5573655962944031
2,0Je_pdqwfCU,0,0,10,0.0,7.0,65.0,302.0,0,0.5188650488853455
3,0Je_pdqwfCU,0,0,11,429.0,121.0,449.0,152.0,0,0.45120516419410706
4,0Je_pdqwfCU,0,0,13,405.0,84.0,446.0,157.0,0,0.5801119208335876
5,0Je_pdqwfCU,0,0,14,179.0,136.0,325.0,304.0,0,0.4696423411369324
6,0Je_pdqwfCU,0,0,17,245.0,138.0,409.0,304.0,0,0.8568436503410339
7,0Je_pdqwfCU,0,0,19,368.0,95.0,485.0,300.0,0,0.6055917143821716
