,youtube_id,class_id,object_id,image_nb,xmin,xmax,ymin,ymax,found_id,found_prec
0,0LZ9kIlsrL4,0,0,6,112.0,241.0,440.0,358.0,3,0.41925352811813354
1,0LZ9kIlsrL4,0,0,13,106.0,244.0,438.0,355.0,3,0.4144788384437561
2,0LZ9kIlsrL4,0,0,16,78.0,224.0,434.0,358.0,3,0.4469262957572937
