,youtube_id,class_id,object_id,image_nb,xmin,xmax,ymin,ymax,found_id,found_prec
0,0MrFsuUxL0U,18,0,1,309.0,27.0,398.0,103.0,71,0.507564127445221
1,0MrFsuUxL0U,18,0,6,181.0,9.0,303.0,207.0,61,0.46134039759635925
2,0MrFsuUxL0U,18,0,7,198.0,102.0,314.0,283.0,61,0.6465736031532288
3,0MrFsuUxL0U,18,0,16,0.0,6.0,283.0,323.0,63,0.6306203603744507
