,youtube_id,class_id,object_id,image_nb,xmin,xmax,ymin,ymax,found_id,found_prec
0,0o-IGdPtvag,9,1,5,1.0,4.0,302.0,337.0,45,0.5659040212631226
1,0o-IGdPtvag,9,1,9,25.0,4.0,313.0,173.0,45,0.5426419377326965
2,0o-IGdPtvag,9,1,13,317.0,242.0,473.0,357.0,0,0.5972627997398376
3,0o-IGdPtvag,9,1,15,349.0,190.0,472.0,358.0,0,0.5422840714454651
4,0o-IGdPtvag,9,1,17,174.0,183.0,480.0,359.0,45,0.6308851838111877
5,0o-IGdPtvag,9,1,17,88.0,7.0,340.0,192.0,45,0.48433977365493774
6,0o-IGdPtvag,9,1,18,185.0,173.0,480.0,356.0,45,0.5982134342193604
