,youtube_id,class_id,object_id,image_nb,xmin,xmax,ymin,ymax,found_id,found_prec
0,0PrRzjpAZSs,11,0,3,227.0,2.0,275.0,50.0,41,0.5851412415504456
1,0PrRzjpAZSs,11,1,13,172.0,78.0,254.0,164.0,74,0.40559935569763184
2,0PrRzjpAZSs,11,1,18,195.0,77.0,299.0,179.0,74,0.4538080394268036
3,0PrRzjpAZSs,11,1,19,231.0,56.0,315.0,149.0,74,0.5415146350860596
