,youtube_id,class_id,object_id,image_nb,xmin,xmax,ymin,ymax,found_id,found_prec
0,0Pu-_5lNYZM,1,0,1,367.0,89.0,420.0,218.0,0,0.43345460295677185
1,0Pu-_5lNYZM,1,0,2,370.0,268.0,438.0,357.0,0,0.4485620856285095
2,0Pu-_5lNYZM,1,0,2,372.0,90.0,420.0,203.0,0,0.4407464563846588
