,youtube_id,class_id,object_id,image_nb,xmin,xmax,ymin,ymax,found_id,found_prec
0,0qtrOUsS-UY,1,0,17,303.0,169.0,378.0,231.0,11,0.42974361777305603
1,0qtrOUsS-UY,1,1,6,148.0,159.0,368.0,332.0,14,0.42912793159484863
2,0qtrOUsS-UY,1,1,12,328.0,182.0,409.0,256.0,11,0.5333576798439026
3,0qtrOUsS-UY,1,1,13,311.0,185.0,396.0,259.0,11,0.7616337537765503
4,0qtrOUsS-UY,1,1,16,120.0,149.0,209.0,270.0,14,0.4903746247291565
