,youtube_id,class_id,object_id,image_nb,xmin,xmax,ymin,ymax,found_id,found_prec
0,0reRkfeaPCM,18,0,9,45.0,95.0,283.0,290.0,0,0.5253384709358215
1,0reRkfeaPCM,18,0,13,0.0,111.0,103.0,285.0,0,0.698728084564209
2,0reRkfeaPCM,18,0,13,231.0,101.0,382.0,242.0,0,0.5166686177253723
3,0reRkfeaPCM,18,0,13,131.0,124.0,228.0,291.0,0,0.5031783580780029
4,0reRkfeaPCM,18,0,14,48.0,8.0,210.0,201.0,0,0.6743686199188232
