,youtube_id,class_id,object_id,image_nb,xmin,xmax,ymin,ymax,found_id,found_prec
0,0rQzfr4WVKc,7,0,2,51.0,206.0,309.0,356.0,0,0.5178061723709106
1,0rQzfr4WVKc,7,0,2,8.0,5.0,450.0,350.0,0,0.4095061123371124
2,0rQzfr4WVKc,7,0,6,138.0,6.0,345.0,240.0,0,0.4881780743598938
3,0rQzfr4WVKc,7,0,7,151.0,0.0,374.0,215.0,0,0.5178090333938599
4,0rQzfr4WVKc,7,0,10,87.0,0.0,341.0,242.0,0,0.4403460621833801
5,0rQzfr4WVKc,7,0,12,141.0,5.0,369.0,294.0,16,0.5116668939590454
6,0rQzfr4WVKc,7,0,14,1.0,86.0,164.0,210.0,16,0.6614295244216919
