,youtube_id,class_id,object_id,image_nb,xmin,xmax,ymin,ymax,found_id,found_prec
0,0RWFVySHbj8,7,0,1,107.0,121.0,266.0,314.0,14,0.44553372263908386
1,0RWFVySHbj8,7,0,4,104.0,117.0,256.0,292.0,15,0.7406514286994934
2,0RWFVySHbj8,7,0,5,107.0,27.0,312.0,244.0,15,0.5414525866508484
3,0RWFVySHbj8,7,0,7,104.0,76.0,299.0,272.0,15,0.5297005772590637
4,0RWFVySHbj8,7,0,9,136.0,12.0,356.0,230.0,15,0.4636901915073395
5,0RWFVySHbj8,7,0,13,134.0,100.0,480.0,290.0,15,0.42622238397598267
6,0RWFVySHbj8,7,0,14,146.0,97.0,479.0,293.0,15,0.4685778319835663
7,0RWFVySHbj8,7,0,15,145.0,100.0,479.0,290.0,15,0.4486372172832489
8,0RWFVySHbj8,7,0,19,185.0,4.0,460.0,231.0,15,0.5067947506904602
