,youtube_id,class_id,object_id,image_nb,xmin,xmax,ymin,ymax,found_id,found_prec
0,0tug1nBEI50,7,0,1,139.0,0.0,828.0,669.0,15,0.7633625268936157
1,0tug1nBEI50,7,0,2,139.0,0.0,826.0,672.0,15,0.7826369404792786
2,0tug1nBEI50,7,0,3,145.0,2.0,842.0,674.0,15,0.7925221920013428
3,0tug1nBEI50,7,0,4,185.0,0.0,873.0,614.0,15,0.5741240382194519
4,0tug1nBEI50,7,0,5,184.0,40.0,866.0,697.0,15,0.5192719101905823
5,0tug1nBEI50,7,0,6,197.0,26.0,884.0,692.0,15,0.7986188530921936
6,0tug1nBEI50,7,0,7,175.0,4.0,911.0,685.0,15,0.5804676413536072
7,0tug1nBEI50,7,0,8,29.0,54.0,915.0,716.0,15,0.4878004491329193
