,youtube_id,class_id,object_id,image_nb,xmin,xmax,ymin,ymax,found_id,found_prec
0,0v6jOgL6Kzk,7,0,4,1.0,9.0,477.0,360.0,15,0.42847099900245667
1,0v6jOgL6Kzk,7,0,5,0.0,6.0,479.0,360.0,15,0.4556659758090973
2,0v6jOgL6Kzk,7,0,6,0.0,4.0,479.0,353.0,15,0.5176212787628174
3,0v6jOgL6Kzk,7,0,17,0.0,13.0,479.0,355.0,15,0.4249185025691986
