,youtube_id,class_id,object_id,image_nb,xmin,xmax,ymin,ymax,found_id,found_prec
0,0VvBh94eVo8,1,0,17,139.0,183.0,170.0,225.0,41,0.48174336552619934
1,0VvBh94eVo8,1,1,9,58.0,61.0,114.0,192.0,0,0.4030683636665344
