,youtube_id,class_id,object_id,image_nb,xmin,xmax,ymin,ymax,found_id,found_prec
0,0vZK7OwPqac,12,0,3,106.0,13.0,283.0,75.0,73,0.40329796075820923
1,0vZK7OwPqac,12,0,4,196.0,20.0,319.0,237.0,0,0.608140230178833
2,0vZK7OwPqac,12,0,9,183.0,70.0,263.0,133.0,64,0.7160038352012634
3,0vZK7OwPqac,12,0,9,0.0,0.0,109.0,123.0,0,0.5227198600769043
4,0vZK7OwPqac,12,0,11,7.0,4.0,319.0,236.0,0,0.462503582239151
5,0vZK7OwPqac,12,0,15,169.0,7.0,320.0,234.0,0,0.48404598236083984
