,youtube_id,class_id,object_id,image_nb,xmin,xmax,ymin,ymax,found_id,found_prec
0,0X9GsG4Cg5M,6,0,5,0.0,60.0,262.0,355.0,19,0.44836920499801636
1,0X9GsG4Cg5M,6,0,12,0.0,14.0,224.0,347.0,19,0.5492038726806641
2,0X9GsG4Cg5M,6,0,16,3.0,51.0,292.0,350.0,19,0.6114256978034973
3,0X9GsG4Cg5M,6,0,17,0.0,5.0,301.0,339.0,19,0.4715941846370697
