,youtube_id,class_id,object_id,image_nb,xmin,xmax,ymin,ymax,found_id,found_prec
0,0ZBXbdX8nBg,0,0,3,143.0,4.0,319.0,215.0,0,0.47655990719795227
1,0ZBXbdX8nBg,0,0,7,77.0,2.0,170.0,221.0,0,0.5309317708015442
2,0ZBXbdX8nBg,0,0,7,112.0,176.0,146.0,233.0,36,0.44740599393844604
3,0ZBXbdX8nBg,0,1,16,71.0,1.0,224.0,229.0,21,0.4751429557800293
4,0ZBXbdX8nBg,0,1,19,81.0,160.0,104.0,239.0,27,0.5060792565345764
