,youtube_id,class_id,object_id,image_nb,xmin,xmax,ymin,ymax,found_id,found_prec
0,0zYBC0U1_wM,5,0,4,194.0,138.0,288.0,314.0,21,0.6442866921424866
1,0zYBC0U1_wM,5,0,7,173.0,88.0,290.0,316.0,21,0.4697905480861664
2,0zYBC0U1_wM,5,0,11,185.0,86.0,389.0,285.0,0,0.4167952239513397
3,0zYBC0U1_wM,5,0,14,194.0,106.0,393.0,280.0,21,0.5441774725914001
4,0zYBC0U1_wM,5,0,15,142.0,94.0,280.0,202.0,25,0.4256044924259186
