,youtube_id,class_id,object_id,image_nb,xmin,xmax,ymin,ymax,found_id,found_prec
0,0zZG05RqgoQ,7,0,1,1.0,62.0,194.0,357.0,15,0.4853970408439636
1,0zZG05RqgoQ,7,0,8,170.0,60.0,480.0,341.0,15,0.4422222971916199
2,0zZG05RqgoQ,7,0,11,0.0,4.0,311.0,351.0,15,0.4263036549091339
3,0zZG05RqgoQ,7,0,13,7.0,41.0,349.0,349.0,15,0.5810912847518921
4,0zZG05RqgoQ,7,0,13,13.0,117.0,110.0,196.0,32,0.40085890889167786
5,0zZG05RqgoQ,7,0,14,8.0,88.0,344.0,350.0,15,0.41384562849998474
6,0zZG05RqgoQ,7,0,15,19.0,101.0,111.0,176.0,32,0.5082316398620605
7,0zZG05RqgoQ,7,0,15,1.0,87.0,319.0,355.0,15,0.4065825939178467
