,youtube_id,class_id,object_id,image_nb,xmin,xmax,ymin,ymax,found_id,found_prec
0,1-7EtEZ3GnA,18,0,4,0.0,228.0,147.0,358.0,71,0.4989815950393677
1,1-7EtEZ3GnA,18,0,8,171.0,183.0,339.0,360.0,61,0.747791588306427
2,1-7EtEZ3GnA,18,0,9,149.0,160.0,354.0,355.0,61,0.7511529922485352
3,1-7EtEZ3GnA,18,0,14,335.0,19.0,480.0,337.0,61,0.648612916469574
