,youtube_id,class_id,object_id,image_nb,xmin,xmax,ymin,ymax,found_id,found_prec
0,10_Ds7xb5yI,7,0,4,206.0,94.0,356.0,261.0,14,0.5326915383338928
1,10_Ds7xb5yI,7,0,5,234.0,110.0,420.0,241.0,16,0.42065945267677307
2,10_Ds7xb5yI,7,0,6,237.0,100.0,423.0,288.0,16,0.5359017848968506
3,10_Ds7xb5yI,7,0,16,192.0,237.0,242.0,287.0,32,0.7588855624198914
4,10_Ds7xb5yI,7,0,16,192.0,237.0,242.0,287.0,47,0.4844954013824463
