,youtube_id,class_id,object_id,image_nb,xmin,xmax,ymin,ymax,found_id,found_prec
0,151VVdQ8UsI,19,0,1,113.0,103.0,360.0,274.0,19,0.4500676691532135
1,151VVdQ8UsI,19,0,3,105.0,111.0,387.0,276.0,19,0.4960685968399048
2,151VVdQ8UsI,19,0,10,297.0,5.0,466.0,122.0,18,0.5169570446014404
3,151VVdQ8UsI,19,0,10,295.0,8.0,465.0,117.0,16,0.4387003481388092
4,151VVdQ8UsI,19,0,15,7.0,170.0,389.0,357.0,19,0.4262504577636719
