,youtube_id,class_id,object_id,image_nb,xmin,xmax,ymin,ymax,found_id,found_prec
0,171jI6lkqaA,7,0,8,0.0,10.0,231.0,358.0,0,0.6059513688087463
1,171jI6lkqaA,7,0,12,429.0,45.0,581.0,319.0,15,0.5247359871864319
