,youtube_id,class_id,object_id,image_nb,xmin,xmax,ymin,ymax,found_id,found_prec
0,19dncE5DiWU,0,0,4,52.0,3.0,196.0,232.0,0,0.46397992968559265
1,19dncE5DiWU,0,0,5,72.0,5.0,204.0,235.0,0,0.5579835772514343
2,19dncE5DiWU,0,0,6,15.0,8.0,224.0,233.0,0,0.5269441604614258
