,youtube_id,class_id,object_id,image_nb,xmin,xmax,ymin,ymax,found_id,found_prec
0,1BdQY-Cetmk,0,0,12,108.0,115.0,248.0,356.0,0,0.6450758576393127
1,1BdQY-Cetmk,0,0,12,185.0,10.0,474.0,355.0,0,0.5911514759063721
2,1BdQY-Cetmk,0,0,12,0.0,89.0,75.0,352.0,0,0.4033310115337372
3,1BdQY-Cetmk,0,0,14,100.0,12.0,368.0,352.0,0,0.44125500321388245
