,youtube_id,class_id,object_id,image_nb,xmin,xmax,ymin,ymax,found_id,found_prec
0,1bL3VAL4fxU,2,0,1,0.0,19.0,35.0,118.0,2,0.7017979621887207
1,1bL3VAL4fxU,2,0,10,0.0,51.0,97.0,137.0,2,0.5547508597373962
2,1bL3VAL4fxU,2,0,15,133.0,93.0,355.0,345.0,16,0.4398604929447174
3,1bL3VAL4fxU,2,0,16,0.0,0.0,76.0,66.0,2,0.44788286089897156
4,1bL3VAL4fxU,2,0,17,0.0,1.0,77.0,62.0,2,0.48999637365341187
