,youtube_id,class_id,object_id,image_nb,xmin,xmax,ymin,ymax,found_id,found_prec
0,1ByVdFTYaTg,2,0,6,5.0,57.0,1280.0,717.0,3,0.4197500944137573
1,1ByVdFTYaTg,2,0,9,0.0,7.0,1280.0,708.0,3,0.5150554180145264
2,1ByVdFTYaTg,2,0,10,1.0,26.0,1280.0,701.0,3,0.5007913112640381
3,1ByVdFTYaTg,2,0,12,23.0,45.0,1280.0,704.0,4,0.43696489930152893
4,1ByVdFTYaTg,2,0,14,20.0,36.0,1280.0,714.0,4,0.4275364875793457
