,youtube_id,class_id,object_id,image_nb,xmin,xmax,ymin,ymax,found_id,found_prec
0,1C3kfJPYZ-g,19,0,1,378.0,0.0,479.0,278.0,69,0.618836522102356
1,1C3kfJPYZ-g,19,0,2,378.0,0.0,479.0,276.0,69,0.6443883776664734
2,1C3kfJPYZ-g,19,0,7,322.0,6.0,480.0,323.0,69,0.5876932740211487
3,1C3kfJPYZ-g,19,0,7,0.0,67.0,310.0,359.0,77,0.47771263122558594
4,1C3kfJPYZ-g,19,0,12,281.0,130.0,480.0,353.0,77,0.5551328063011169
