,youtube_id,class_id,object_id,image_nb,xmin,xmax,ymin,ymax,found_id,found_prec
0,1c6Kdma6msg,0,0,3,1.0,0.0,197.0,238.0,0,0.40187519788742065
1,1c6Kdma6msg,0,0,6,184.0,80.0,320.0,234.0,0,0.4820884168148041
2,1c6Kdma6msg,0,0,6,254.0,186.0,316.0,221.0,67,0.4729161858558655
3,1c6Kdma6msg,0,0,13,15.0,0.0,320.0,233.0,0,0.5105531811714172
4,1c6Kdma6msg,0,0,19,0.0,3.0,138.0,230.0,0,0.42294397950172424
