,youtube_id,class_id,object_id,image_nb,xmin,xmax,ymin,ymax,found_id,found_prec
0,1C_VjDHGun4,5,0,3,1045.0,49.0,1279.0,485.0,16,0.6637670397758484
1,1C_VjDHGun4,5,0,3,481.0,0.0,1019.0,459.0,56,0.6011639833450317
2,1C_VjDHGun4,5,0,4,908.0,125.0,1240.0,652.0,77,0.6906943321228027
3,1C_VjDHGun4,5,0,4,910.0,113.0,1236.0,652.0,16,0.4750821888446808
4,1C_VjDHGun4,5,0,5,759.0,26.0,1078.0,673.0,16,0.692319929599762
5,1C_VjDHGun4,5,0,6,464.0,0.0,1274.0,709.0,21,0.5365480184555054
