,youtube_id,class_id,object_id,image_nb,xmin,xmax,ymin,ymax,found_id,found_prec
0,1Eb5I-fxDes,1,0,3,294.0,217.0,395.0,357.0,56,0.6652679443359375
1,1Eb5I-fxDes,1,0,4,299.0,224.0,391.0,358.0,56,0.5530913472175598
2,1Eb5I-fxDes,1,0,7,293.0,206.0,380.0,355.0,56,0.4085949957370758
3,1Eb5I-fxDes,1,0,10,150.0,163.0,246.0,356.0,75,0.7422909140586853
4,1Eb5I-fxDes,1,0,14,121.0,169.0,209.0,359.0,12,0.6508343815803528
