,youtube_id,class_id,object_id,image_nb,xmin,xmax,ymin,ymax,found_id,found_prec
0,1EhPDlCa19M,5,0,4,744.0,142.0,1092.0,680.0,21,0.4825460910797119
1,1EhPDlCa19M,5,0,11,735.0,120.0,1139.0,661.0,21,0.47248783707618713
2,1EhPDlCa19M,5,0,17,838.0,198.0,1153.0,674.0,77,0.707764208316803
