,youtube_id,class_id,object_id,image_nb,xmin,xmax,ymin,ymax,found_id,found_prec
0,1ExRnJBXYP4,12,0,14,243.0,42.0,320.0,77.0,19,0.7249156832695007
1,1ExRnJBXYP4,12,0,15,251.0,125.0,319.0,206.0,58,0.43343788385391235
2,1ExRnJBXYP4,12,1,2,250.0,46.0,320.0,76.0,19,0.517422616481781
3,1ExRnJBXYP4,12,2,13,0.0,120.0,105.0,237.0,0,0.42228421568870544
4,1ExRnJBXYP4,12,2,19,245.0,98.0,320.0,127.0,52,0.43855974078178406
