,youtube_id,class_id,object_id,image_nb,xmin,xmax,ymin,ymax,found_id,found_prec
0,1i3mf_7p_5I,13,0,1,1.0,167.0,475.0,353.0,4,0.5422970652580261
1,1i3mf_7p_5I,13,0,2,0.0,167.0,475.0,353.0,4,0.591195821762085
2,1i3mf_7p_5I,13,0,6,0.0,152.0,471.0,347.0,4,0.4437223970890045
3,1i3mf_7p_5I,13,0,13,0.0,144.0,317.0,351.0,4,0.42472460865974426
