,youtube_id,class_id,object_id,image_nb,xmin,xmax,ymin,ymax,found_id,found_prec
0,1i47srOr4lw,0,0,1,146.0,157.0,186.0,186.0,54,0.4473263919353485
1,1i47srOr4lw,0,0,11,128.0,145.0,169.0,176.0,54,0.7100493311882019
2,1i47srOr4lw,0,0,11,133.0,175.0,187.0,199.0,54,0.5113599300384521
3,1i47srOr4lw,0,0,12,5.0,86.0,82.0,157.0,47,0.4161083400249481
