,youtube_id,class_id,object_id,image_nb,xmin,xmax,ymin,ymax,found_id,found_prec
0,1I9kgVePPQo,5,0,3,123.0,24.0,502.0,344.0,21,0.481106162071228
1,1I9kgVePPQo,5,0,4,127.0,22.0,474.0,327.0,21,0.7331354022026062
2,1I9kgVePPQo,5,0,5,117.0,21.0,447.0,325.0,21,0.6029691696166992
3,1I9kgVePPQo,5,0,6,121.0,0.0,444.0,317.0,21,0.6929948329925537
4,1I9kgVePPQo,5,0,8,103.0,0.0,422.0,335.0,21,0.4481510818004608
5,1I9kgVePPQo,5,0,9,228.0,0.0,434.0,330.0,21,0.7571749091148376
6,1I9kgVePPQo,5,0,10,183.0,0.0,437.0,340.0,21,0.5954940319061279
7,1I9kgVePPQo,5,0,12,254.0,0.0,474.0,350.0,21,0.6056181788444519
8,1I9kgVePPQo,5,0,12,584.0,185.0,640.0,219.0,45,0.43973079323768616
