,youtube_id,class_id,object_id,image_nb,xmin,xmax,ymin,ymax,found_id,found_prec
0,1K93nBLRALk,10,0,9,0.0,142.0,40.0,253.0,62,0.431979238986969
1,1K93nBLRALk,10,0,19,90.0,84.0,173.0,144.0,33,0.42743048071861267
2,1K93nBLRALk,10,1,16,124.0,168.0,254.0,250.0,19,0.5044671297073364
3,1K93nBLRALk,10,1,18,271.0,165.0,339.0,291.0,16,0.6998121738433838
