,youtube_id,class_id,object_id,image_nb,xmin,xmax,ymin,ymax,found_id,found_prec
0,1LappZsS1Ro,19,0,1,87.0,64.0,132.0,121.0,0,0.4385240077972412
1,1LappZsS1Ro,19,0,9,0.0,0.0,24.0,68.0,0,0.443095862865448
2,1LappZsS1Ro,19,1,17,127.0,3.0,192.0,130.0,0,0.4191882014274597
3,1LappZsS1Ro,19,1,18,17.0,30.0,49.0,96.0,0,0.5044066309928894
