,youtube_id,class_id,object_id,image_nb,xmin,xmax,ymin,ymax,found_id,found_prec
0,1LkxUEmhos8,0,0,6,196.0,0.0,450.0,350.0,0,0.45958471298217773
1,1LkxUEmhos8,0,0,7,263.0,0.0,480.0,347.0,0,0.5144739747047424
2,1LkxUEmhos8,0,0,7,226.0,5.0,282.0,169.0,0,0.5036182403564453
3,1LkxUEmhos8,0,0,12,210.0,28.0,440.0,351.0,0,0.48675206303596497
4,1LkxUEmhos8,0,0,13,0.0,174.0,35.0,216.0,2,0.4030493199825287
5,1LkxUEmhos8,0,0,16,196.0,5.0,391.0,344.0,0,0.464619904756546
6,1LkxUEmhos8,0,0,19,172.0,2.0,278.0,266.0,0,0.6997172236442566
