,youtube_id,class_id,object_id,image_nb,xmin,xmax,ymin,ymax,found_id,found_prec
0,1lr9k5qp-m0,19,0,2,153.0,96.0,201.0,178.0,16,0.4994194805622101
1,1lr9k5qp-m0,19,0,3,189.0,154.0,237.0,186.0,45,0.625566303730011
2,1lr9k5qp-m0,19,0,3,112.0,94.0,192.0,186.0,17,0.5019794702529907
3,1lr9k5qp-m0,19,0,3,113.0,95.0,190.0,186.0,16,0.4092099368572235
4,1lr9k5qp-m0,19,0,4,150.0,98.0,198.0,224.0,16,0.8626137971878052
5,1lr9k5qp-m0,19,0,4,9.0,13.0,100.0,239.0,0,0.41049933433532715
