,youtube_id,class_id,object_id,image_nb,xmin,xmax,ymin,ymax,found_id,found_prec
0,1O4DbMaCha8,18,0,1,255.0,186.0,346.0,315.0,61,0.810846209526062
1,1O4DbMaCha8,18,0,2,252.0,184.0,346.0,313.0,61,0.7267594337463379
2,1O4DbMaCha8,18,0,3,0.0,196.0,164.0,355.0,71,0.6869871020317078
3,1O4DbMaCha8,18,0,3,38.0,125.0,354.0,287.0,71,0.4434412121772766
4,1O4DbMaCha8,18,0,4,218.0,1.0,480.0,102.0,71,0.663092851638794
5,1O4DbMaCha8,18,0,8,0.0,234.0,159.0,358.0,61,0.5985499620437622
6,1O4DbMaCha8,18,0,13,0.0,3.0,168.0,345.0,0,0.8917491436004639
7,1O4DbMaCha8,18,0,13,418.0,149.0,466.0,230.0,62,0.5916945934295654
