,youtube_id,class_id,object_id,image_nb,xmin,xmax,ymin,ymax,found_id,found_prec
0,1ph-yyL1ErA,7,0,2,0.0,220.0,203.0,357.0,0,0.45604589581489563
1,1ph-yyL1ErA,7,0,5,0.0,70.0,113.0,213.0,54,0.7484277486801147
2,1ph-yyL1ErA,7,0,10,121.0,4.0,480.0,232.0,15,0.4319203794002533
3,1ph-yyL1ErA,7,0,12,167.0,4.0,480.0,230.0,15,0.5123254060745239
4,1ph-yyL1ErA,7,0,17,0.0,139.0,180.0,353.0,48,0.5425503849983215
