,youtube_id,class_id,object_id,image_nb,xmin,xmax,ymin,ymax,found_id,found_prec
0,1qSUH3Ekj0M,7,0,1,16.0,0.0,1280.0,704.0,15,0.5379279255867004
1,1qSUH3Ekj0M,7,0,2,11.0,0.0,1280.0,703.0,15,0.5599730014801025
2,1qSUH3Ekj0M,7,0,3,24.0,0.0,1279.0,701.0,15,0.5347360372543335
3,1qSUH3Ekj0M,7,0,4,30.0,0.0,1280.0,705.0,15,0.46884384751319885
4,1qSUH3Ekj0M,7,0,5,46.0,3.0,1271.0,702.0,15,0.4698481261730194
5,1qSUH3Ekj0M,7,0,10,35.0,8.0,1280.0,717.0,15,0.4004982113838196
