,youtube_id,class_id,object_id,image_nb,xmin,xmax,ymin,ymax,found_id,found_prec
0,1qWvgSLJLR0,7,0,2,346.0,37.0,368.0,54.0,64,0.4343099594116211
1,1qWvgSLJLR0,7,0,6,0.0,2.0,63.0,208.0,0,0.45454221963882446
2,1qWvgSLJLR0,7,0,7,0.0,0.0,84.0,207.0,0,0.5803455710411072
3,1qWvgSLJLR0,7,0,7,85.0,96.0,205.0,199.0,15,0.42301252484321594
4,1qWvgSLJLR0,7,0,12,179.0,73.0,255.0,176.0,15,0.49922868609428406
5,1qWvgSLJLR0,7,0,13,177.0,80.0,255.0,168.0,15,0.5021594166755676
6,1qWvgSLJLR0,7,0,14,0.0,23.0,43.0,203.0,0,0.4014625549316406
