,youtube_id,class_id,object_id,image_nb,xmin,xmax,ymin,ymax,found_id,found_prec
0,1TDm2ySZ3vc,1,0,3,118.0,39.0,231.0,124.0,14,0.5948736071586609
1,1TDm2ySZ3vc,1,0,4,32.0,33.0,160.0,155.0,41,0.5546396374702454
2,1TDm2ySZ3vc,1,0,5,6.0,37.0,158.0,223.0,14,0.4616711437702179
3,1TDm2ySZ3vc,1,0,6,111.0,2.0,210.0,125.0,14,0.433854341506958
4,1TDm2ySZ3vc,1,0,11,27.0,70.0,155.0,230.0,41,0.416797012090683
5,1TDm2ySZ3vc,1,0,13,56.0,82.0,179.0,233.0,41,0.4315502941608429
6,1TDm2ySZ3vc,1,0,14,19.0,102.0,149.0,238.0,41,0.5776065587997437
7,1TDm2ySZ3vc,1,0,15,107.0,84.0,243.0,233.0,41,0.6919066905975342
8,1TDm2ySZ3vc,1,0,15,0.0,55.0,82.0,150.0,45,0.4875341057777405
