,youtube_id,class_id,object_id,image_nb,xmin,xmax,ymin,ymax,found_id,found_prec
0,1UL5pV7uAF8,18,0,2,166.0,6.0,367.0,336.0,61,0.4609662592411041
1,1UL5pV7uAF8,18,0,3,0.0,23.0,162.0,340.0,75,0.6138027310371399
2,1UL5pV7uAF8,18,0,3,407.0,25.0,480.0,303.0,46,0.4014565646648407
3,1UL5pV7uAF8,18,0,14,180.0,18.0,474.0,350.0,61,0.4484114646911621
