,youtube_id,class_id,object_id,image_nb,xmin,xmax,ymin,ymax,found_id,found_prec
0,1v6EOGIj4HE,23,0,14,95.0,34.0,301.0,182.0,2,0.4593014419078827
1,1v6EOGIj4HE,23,0,20,11.0,37.0,239.0,277.0,0,0.8821588754653931
2,1v6EOGIj4HE,23,0,20,93.0,155.0,114.0,235.0,27,0.8279804587364197
