,youtube_id,class_id,object_id,image_nb,xmin,xmax,ymin,ymax,found_id,found_prec
0,1vC6j09BL9Y,7,0,2,140.0,26.0,401.0,268.0,15,0.5775347948074341
1,1vC6j09BL9Y,7,0,3,118.0,49.0,400.0,299.0,15,0.5999271869659424
2,1vC6j09BL9Y,7,0,11,430.0,124.0,480.0,211.0,75,0.571129560470581
3,1vC6j09BL9Y,7,0,12,275.0,2.0,480.0,343.0,0,0.45110195875167847
4,1vC6j09BL9Y,7,0,13,388.0,9.0,480.0,213.0,0,0.43573883175849915
