,youtube_id,class_id,object_id,image_nb,xmin,xmax,ymin,ymax,found_id,found_prec
0,1VOX0lZTIao,7,0,7,0.0,8.0,14.0,37.0,0,0.4056360423564911
1,1VOX0lZTIao,7,0,12,1.0,11.0,317.0,237.0,15,0.45713818073272705
2,1VOX0lZTIao,7,0,13,3.0,16.0,320.0,240.0,15,0.5280877947807312
