,youtube_id,class_id,object_id,image_nb,xmin,xmax,ymin,ymax,found_id,found_prec
0,1W2jsjzSLU4,19,0,12,89.0,75.0,145.0,110.0,56,0.4649319648742676
1,1W2jsjzSLU4,19,1,3,124.0,29.0,144.0,68.0,39,0.4310961961746216
2,1W2jsjzSLU4,19,1,9,70.0,32.0,122.0,110.0,0,0.4574728012084961
3,1W2jsjzSLU4,19,1,12,116.0,3.0,156.0,98.0,0,0.4575939476490021
4,1W2jsjzSLU4,19,2,4,62.0,2.0,140.0,111.0,16,0.41462963819503784
