,youtube_id,class_id,object_id,image_nb,xmin,xmax,ymin,ymax,found_id,found_prec
0,1W4OXI_iVEk,9,0,17,180.0,69.0,314.0,315.0,0,0.7538014054298401
1,1W4OXI_iVEk,9,0,18,163.0,77.0,311.0,314.0,0,0.8616934418678284
2,1W4OXI_iVEk,9,0,19,158.0,80.0,296.0,317.0,0,0.917655348777771
