,youtube_id,class_id,object_id,image_nb,xmin,xmax,ymin,ymax,found_id,found_prec
0,1wy1aKJW3q8,20,0,8,71.0,34.0,115.0,93.0,20,0.4873940348625183
1,1wy1aKJW3q8,20,0,11,45.0,32.0,88.0,91.0,20,0.6657167077064514
2,1wy1aKJW3q8,20,0,13,53.0,38.0,96.0,98.0,20,0.6065519452095032
