,youtube_id,class_id,object_id,image_nb,xmin,xmax,ymin,ymax,found_id,found_prec
0,1xzhc_yfUCc,7,0,1,467.0,11.0,934.0,472.0,15,0.8111107349395752
1,1xzhc_yfUCc,7,0,2,469.0,11.0,933.0,471.0,15,0.8332141637802124
2,1xzhc_yfUCc,7,0,6,516.0,137.0,1271.0,707.0,15,0.7364935278892517
3,1xzhc_yfUCc,7,0,7,696.0,353.0,998.0,712.0,16,0.6960666179656982
4,1xzhc_yfUCc,7,0,9,520.0,367.0,1002.0,719.0,15,0.5793663859367371
5,1xzhc_yfUCc,7,0,11,495.0,330.0,918.0,680.0,15,0.8192938566207886
6,1xzhc_yfUCc,7,0,12,545.0,487.0,1026.0,719.0,15,0.5346779227256775
7,1xzhc_yfUCc,7,0,19,0.0,17.0,445.0,710.0,72,0.432293564081192
