,youtube_id,class_id,object_id,image_nb,xmin,xmax,ymin,ymax,found_id,found_prec
0,1Yi6Y6UGn9g,4,0,4,0.0,3.0,319.0,230.0,5,0.5509355664253235
1,1Yi6Y6UGn9g,4,0,5,3.0,0.0,320.0,232.0,5,0.49917179346084595
2,1Yi6Y6UGn9g,4,0,6,0.0,17.0,20.0,55.0,2,0.5208966135978699
3,1Yi6Y6UGn9g,4,0,7,2.0,11.0,69.0,84.0,2,0.4006509780883789
4,1Yi6Y6UGn9g,4,0,10,52.0,6.0,318.0,233.0,5,0.6184586882591248
