,youtube_id,class_id,object_id,image_nb,xmin,xmax,ymin,ymax,found_id,found_prec
0,1yIZDvpreKY,18,0,7,191.0,97.0,319.0,223.0,75,0.4334370195865631
1,1yIZDvpreKY,18,0,13,186.0,0.0,320.0,96.0,46,0.40873226523399353
2,1yIZDvpreKY,18,0,15,37.0,21.0,172.0,170.0,46,0.48600366711616516
