,youtube_id,class_id,object_id,image_nb,xmin,xmax,ymin,ymax,found_id,found_prec
0,1zeA9i8DOnY,0,0,7,105.0,0.0,173.0,80.0,40,0.46212106943130493
1,1zeA9i8DOnY,0,0,12,157.0,92.0,229.0,167.0,29,0.580395519733429
2,1zeA9i8DOnY,0,0,18,174.0,108.0,260.0,192.0,29,0.7089423537254333
3,1zeA9i8DOnY,0,0,18,136.0,1.0,202.0,108.0,40,0.49452587962150574
4,1zeA9i8DOnY,0,0,19,165.0,77.0,250.0,169.0,29,0.5396937131881714
