,youtube_id,class_id,object_id,image_nb,xmin,xmax,ymin,ymax,found_id,found_prec
0,1zZOhBkiN-A,18,0,11,163.0,0.0,480.0,172.0,71,0.7300448417663574
1,1zZOhBkiN-A,18,0,13,258.0,72.0,480.0,353.0,61,0.5933928489685059
2,1zZOhBkiN-A,18,0,14,252.0,53.0,480.0,351.0,61,0.4893576204776764
3,1zZOhBkiN-A,18,0,15,250.0,74.0,479.0,353.0,61,0.5521275401115417
4,1zZOhBkiN-A,18,0,18,158.0,98.0,464.0,283.0,71,0.6709950566291809
5,1zZOhBkiN-A,18,0,18,407.0,4.0,451.0,103.0,39,0.66889888048172
6,1zZOhBkiN-A,18,0,18,338.0,7.0,385.0,113.0,39,0.5118410587310791
