,youtube_id,class_id,object_id,image_nb,xmin,xmax,ymin,ymax,found_id,found_prec
0,22SHLAf00LM,18,0,5,151.0,65.0,365.0,353.0,61,0.6660909652709961
1,22SHLAf00LM,18,0,5,1.0,45.0,166.0,195.0,71,0.5197930932044983
2,22SHLAf00LM,18,0,19,0.0,117.0,155.0,353.0,0,0.4909704029560089
