,youtube_id,class_id,object_id,image_nb,xmin,xmax,ymin,ymax,found_id,found_prec
0,233VWYjSB6I,12,0,16,4.0,3.0,309.0,217.0,76,0.5443633794784546
1,233VWYjSB6I,12,0,17,10.0,4.0,293.0,204.0,76,0.4729382395744324
2,233VWYjSB6I,12,0,19,0.0,4.0,310.0,184.0,76,0.49117863178253174
