,youtube_id,class_id,object_id,image_nb,xmin,xmax,ymin,ymax,found_id,found_prec
0,25_1GqYyp88,18,0,4,2.0,251.0,461.0,357.0,59,0.5458630919456482
1,25_1GqYyp88,18,0,4,372.0,251.0,477.0,359.0,61,0.43068262934684753
2,25_1GqYyp88,18,0,5,2.0,219.0,217.0,356.0,59,0.45739829540252686
3,25_1GqYyp88,18,0,5,257.0,209.0,404.0,357.0,61,0.42587029933929443
4,25_1GqYyp88,18,0,6,284.0,188.0,452.0,357.0,61,0.652038037776947
5,25_1GqYyp88,18,0,7,20.0,188.0,176.0,230.0,71,0.536678671836853
6,25_1GqYyp88,18,0,8,128.0,198.0,253.0,238.0,71,0.5720884799957275
