,youtube_id,class_id,object_id,image_nb,xmin,xmax,ymin,ymax,found_id,found_prec
0,264BxoiGgJ8,7,0,9,153.0,0.0,407.0,224.0,15,0.4278179407119751
1,264BxoiGgJ8,7,0,13,168.0,6.0,406.0,237.0,16,0.5536752343177795
