,youtube_id,class_id,object_id,image_nb,xmin,xmax,ymin,ymax,found_id,found_prec
0,291kJac90J4,5,0,2,400.0,151.0,480.0,265.0,16,0.49853041768074036
1,291kJac90J4,5,0,3,359.0,154.0,444.0,252.0,21,0.7308830618858337
2,291kJac90J4,5,0,3,239.0,167.0,362.0,252.0,21,0.5205091238021851
3,291kJac90J4,5,0,9,127.0,98.0,345.0,300.0,21,0.4494608938694
4,291kJac90J4,5,0,9,0.0,95.0,181.0,307.0,21,0.4222679138183594
5,291kJac90J4,5,0,13,404.0,2.0,479.0,78.0,0,0.593059241771698
