,youtube_id,class_id,object_id,image_nb,xmin,xmax,ymin,ymax,found_id,found_prec
0,2_CQo0BA1Nw,11,0,14,6.0,40.0,478.0,346.0,6,0.40156325697898865
1,2_CQo0BA1Nw,11,0,15,4.0,157.0,478.0,357.0,6,0.45672062039375305
2,2_CQo0BA1Nw,11,0,18,0.0,147.0,480.0,356.0,6,0.556502103805542
3,2_CQo0BA1Nw,11,0,19,0.0,144.0,480.0,354.0,6,0.7153605818748474
