,youtube_id,class_id,object_id,image_nb,xmin,xmax,ymin,ymax,found_id,found_prec
0,2AdhgJaFr_8,0,0,3,137.0,352.0,604.0,712.0,3,0.6279752254486084
1,2AdhgJaFr_8,0,0,8,63.0,438.0,469.0,712.0,14,0.42364203929901123
2,2AdhgJaFr_8,0,0,11,178.0,422.0,616.0,715.0,3,0.4478892385959625
