,youtube_id,class_id,object_id,image_nb,xmin,xmax,ymin,ymax,found_id,found_prec
0,2BdsmlAvYmw,0,0,4,307.0,134.0,374.0,197.0,17,0.40678295493125916
1,2BdsmlAvYmw,0,0,8,389.0,127.0,464.0,189.0,0,0.41315585374832153
2,2BdsmlAvYmw,0,0,9,300.0,123.0,409.0,220.0,17,0.6451420187950134
3,2BdsmlAvYmw,0,0,9,388.0,112.0,449.0,164.0,17,0.5064945220947266
4,2BdsmlAvYmw,0,0,9,188.0,89.0,257.0,172.0,0,0.4818046987056732
5,2BdsmlAvYmw,0,0,10,420.0,158.0,454.0,219.0,14,0.41649308800697327
6,2BdsmlAvYmw,0,0,12,352.0,128.0,461.0,190.0,17,0.6017074584960938
7,2BdsmlAvYmw,0,0,13,142.0,100.0,348.0,189.0,17,0.4908842444419861
8,2BdsmlAvYmw,0,0,16,144.0,65.0,346.0,216.0,0,0.4437180757522583
