,youtube_id,class_id,object_id,image_nb,xmin,xmax,ymin,ymax,found_id,found_prec
0,2D5g312To1U,0,0,5,433.0,130.0,587.0,242.0,65,0.42550545930862427
1,2D5g312To1U,0,0,10,9.0,24.0,447.0,352.0,0,0.48095113039016724
