,youtube_id,class_id,object_id,image_nb,xmin,xmax,ymin,ymax,found_id,found_prec
0,2E7BjfVwiXU,7,0,2,86.0,178.0,194.0,331.0,15,0.5911383628845215
1,2E7BjfVwiXU,7,0,11,260.0,5.0,480.0,201.0,15,0.6281117796897888
2,2E7BjfVwiXU,7,0,12,242.0,6.0,464.0,208.0,15,0.5854724645614624
3,2E7BjfVwiXU,7,0,13,244.0,8.0,456.0,201.0,15,0.496671587228775
4,2E7BjfVwiXU,7,0,14,245.0,2.0,473.0,203.0,15,0.5153531432151794
5,2E7BjfVwiXU,7,0,16,237.0,66.0,421.0,270.0,15,0.41160377860069275
6,2E7BjfVwiXU,7,0,17,108.0,40.0,241.0,234.0,64,0.541812539100647
