,youtube_id,class_id,object_id,image_nb,xmin,xmax,ymin,ymax,found_id,found_prec
0,2erteAQNze8,0,0,3,29.0,153.0,70.0,234.0,0,0.707308292388916
1,2erteAQNze8,0,0,3,59.0,150.0,130.0,233.0,0,0.5545814633369446
2,2erteAQNze8,0,0,4,64.0,49.0,102.0,152.0,39,0.4966791868209839
