,youtube_id,class_id,object_id,image_nb,xmin,xmax,ymin,ymax,found_id,found_prec
0,2FslPOFvCc4,11,0,10,174.0,120.0,320.0,178.0,45,0.4161805510520935
1,2FslPOFvCc4,11,0,13,109.0,50.0,120.0,73.0,0,0.5368974804878235
2,2FslPOFvCc4,11,0,15,121.0,34.0,134.0,60.0,0,0.5624516010284424
3,2FslPOFvCc4,11,0,18,156.0,92.0,168.0,110.0,3,0.47336965799331665
4,2FslPOFvCc4,11,0,18,156.0,80.0,170.0,107.0,0,0.4702244997024536
5,2FslPOFvCc4,11,0,19,160.0,76.0,175.0,102.0,0,0.5529410243034363
6,2FslPOFvCc4,11,0,19,161.0,87.0,173.0,105.0,3,0.46271419525146484
