,youtube_id,class_id,object_id,image_nb,xmin,xmax,ymin,ymax,found_id,found_prec
0,2g0taYupzjc,19,0,1,353.0,154.0,480.0,348.0,0,0.6082693934440613
1,2g0taYupzjc,19,0,11,189.0,111.0,313.0,295.0,16,0.456923246383667
2,2g0taYupzjc,19,0,12,252.0,109.0,371.0,277.0,16,0.8115246295928955
3,2g0taYupzjc,19,0,13,295.0,99.0,420.0,273.0,16,0.549605667591095
4,2g0taYupzjc,19,0,14,297.0,116.0,417.0,296.0,16,0.6562145948410034
5,2g0taYupzjc,19,0,15,313.0,127.0,411.0,303.0,16,0.48329371213912964
6,2g0taYupzjc,19,0,16,321.0,140.0,424.0,295.0,16,0.45792821049690247
7,2g0taYupzjc,19,0,18,285.0,154.0,466.0,335.0,16,0.508590579032898
8,2g0taYupzjc,19,0,19,317.0,335.0,369.0,360.0,2,0.43896010518074036
