,youtube_id,class_id,object_id,image_nb,xmin,xmax,ymin,ymax,found_id,found_prec
0,2GmrhNOduBo,5,0,2,330.0,226.0,375.0,304.0,16,0.4004232585430145
1,2GmrhNOduBo,5,0,4,328.0,17.0,431.0,100.0,62,0.4107170104980469
2,2GmrhNOduBo,5,0,5,156.0,172.0,341.0,313.0,21,0.4917365610599518
3,2GmrhNOduBo,5,0,8,238.0,93.0,380.0,262.0,21,0.6687644720077515
4,2GmrhNOduBo,5,0,9,4.0,24.0,86.0,256.0,0,0.5635414123535156
5,2GmrhNOduBo,5,0,10,287.0,133.0,432.0,341.0,0,0.5406256914138794
