,youtube_id,class_id,object_id,image_nb,xmin,xmax,ymin,ymax,found_id,found_prec
0,2I2yilRDL08,18,0,5,242.0,230.0,377.0,359.0,61,0.8321290612220764
1,2I2yilRDL08,18,0,12,281.0,160.0,480.0,356.0,61,0.855057954788208
2,2I2yilRDL08,18,0,13,287.0,35.0,478.0,349.0,61,0.8108485341072083
3,2I2yilRDL08,18,0,14,196.0,4.0,388.0,212.0,61,0.7759953737258911
