,youtube_id,class_id,object_id,image_nb,xmin,xmax,ymin,ymax,found_id,found_prec
0,2kbhA4YrG_Q,11,0,7,60.0,2.0,108.0,102.0,0,0.7817705869674683
1,2kbhA4YrG_Q,11,0,7,122.0,28.0,284.0,233.0,3,0.48385533690452576
2,2kbhA4YrG_Q,11,0,9,19.0,1.0,220.0,90.0,2,0.6181037425994873
3,2kbhA4YrG_Q,11,0,16,55.0,9.0,82.0,46.0,0,0.43792203068733215
4,2kbhA4YrG_Q,11,0,16,16.0,4.0,320.0,225.0,3,0.4241373538970947
5,2kbhA4YrG_Q,11,0,17,0.0,6.0,299.0,222.0,3,0.40041011571884155
6,2kbhA4YrG_Q,11,0,19,286.0,2.0,320.0,115.0,0,0.7638310194015503
7,2kbhA4YrG_Q,11,0,19,21.0,15.0,315.0,237.0,3,0.5769597887992859
