,youtube_id,class_id,object_id,image_nb,xmin,xmax,ymin,ymax,found_id,found_prec
0,2kkaJzzc9D4,12,0,3,519.0,345.0,1090.0,714.0,0,0.47937875986099243
1,2kkaJzzc9D4,12,0,6,567.0,438.0,1171.0,713.0,0,0.6694695949554443
2,2kkaJzzc9D4,12,0,6,493.0,362.0,678.0,675.0,67,0.43438100814819336
3,2kkaJzzc9D4,12,0,8,742.0,427.0,1068.0,713.0,51,0.4068121016025543
4,2kkaJzzc9D4,12,0,13,502.0,237.0,1095.0,448.0,36,0.5577523708343506
5,2kkaJzzc9D4,12,0,13,660.0,339.0,1137.0,713.0,0,0.524827241897583
6,2kkaJzzc9D4,12,0,18,695.0,229.0,1257.0,713.0,0,0.6754500865936279
7,2kkaJzzc9D4,12,0,18,158.0,298.0,517.0,716.0,0,0.4336785674095154
8,2kkaJzzc9D4,12,0,19,184.0,236.0,555.0,717.0,0,0.5233784914016724
