,youtube_id,class_id,object_id,image_nb,xmin,xmax,ymin,ymax,found_id,found_prec
0,2NJdwVrpdiA,19,0,8,70.0,138.0,320.0,268.0,14,0.562532365322113
1,2NJdwVrpdiA,19,0,8,325.0,199.0,343.0,246.0,0,0.42012929916381836
2,2NJdwVrpdiA,19,0,15,205.0,98.0,297.0,163.0,0,0.4316122233867645
3,2NJdwVrpdiA,19,0,17,348.0,0.0,426.0,73.0,0,0.5257192254066467
