,youtube_id,class_id,object_id,image_nb,xmin,xmax,ymin,ymax,found_id,found_prec
0,2nUETP2Hix0,2,0,6,16.0,2.0,479.0,337.0,0,0.46223798394203186
1,2nUETP2Hix0,2,0,9,13.0,0.0,480.0,351.0,1,0.46715205907821655
2,2nUETP2Hix0,2,0,15,241.0,4.0,416.0,172.0,0,0.6316996812820435
