,youtube_id,class_id,object_id,image_nb,xmin,xmax,ymin,ymax,found_id,found_prec
0,2PF9OroTElk,18,0,2,172.0,109.0,475.0,346.0,61,0.43017083406448364
1,2PF9OroTElk,18,0,3,163.0,118.0,450.0,347.0,61,0.6489885449409485
2,2PF9OroTElk,18,0,3,405.0,256.0,480.0,357.0,61,0.45979636907577515
3,2PF9OroTElk,18,0,4,133.0,119.0,432.0,351.0,61,0.5619016885757446
4,2PF9OroTElk,18,0,5,99.0,71.0,410.0,344.0,61,0.5635467767715454
5,2PF9OroTElk,18,0,10,434.0,2.0,480.0,162.0,75,0.4479152262210846
6,2PF9OroTElk,18,0,17,2.0,1.0,316.0,153.0,45,0.4867275059223175
