,youtube_id,class_id,object_id,image_nb,xmin,xmax,ymin,ymax,found_id,found_prec
0,2pt68WrVpQA,12,0,1,260.0,8.0,319.0,227.0,72,0.564525842666626
1,2pt68WrVpQA,12,0,1,0.0,183.0,212.0,235.0,73,0.47832563519477844
2,2pt68WrVpQA,12,0,2,259.0,8.0,320.0,228.0,72,0.5859871506690979
3,2pt68WrVpQA,12,0,2,1.0,184.0,213.0,234.0,73,0.4373011887073517
4,2pt68WrVpQA,12,0,4,0.0,2.0,120.0,231.0,0,0.4978308081626892
5,2pt68WrVpQA,12,0,4,1.0,0.0,117.0,119.0,0,0.4464470446109772
6,2pt68WrVpQA,12,0,5,135.0,79.0,297.0,176.0,52,0.46401578187942505
7,2pt68WrVpQA,12,0,17,1.0,2.0,142.0,229.0,0,0.580061137676239
8,2pt68WrVpQA,12,0,19,0.0,68.0,146.0,236.0,0,0.5920409560203552
