,youtube_id,class_id,object_id,image_nb,xmin,xmax,ymin,ymax,found_id,found_prec
0,2rymfHzzjaI,7,0,10,282.0,0.0,890.0,597.0,15,0.40467122197151184
1,2rymfHzzjaI,7,0,15,1.0,0.0,310.0,413.0,0,0.5040524005889893
2,2rymfHzzjaI,7,0,17,711.0,7.0,1097.0,487.0,15,0.4822688102722168
3,2rymfHzzjaI,7,0,19,1025.0,647.0,1177.0,717.0,0,0.5552451610565186
