,youtube_id,class_id,object_id,image_nb,xmin,xmax,ymin,ymax,found_id,found_prec
0,2T7QEQd8yKo,19,0,1,253.0,82.0,272.0,134.0,0,0.6143380403518677
1,2T7QEQd8yKo,19,0,2,223.0,161.0,273.0,250.0,16,0.5461215972900391
2,2T7QEQd8yKo,19,0,2,252.0,81.0,271.0,134.0,0,0.5243711471557617
3,2T7QEQd8yKo,19,0,3,250.0,74.0,269.0,128.0,0,0.5812791585922241
4,2T7QEQd8yKo,19,0,4,248.0,59.0,266.0,115.0,0,0.6898013353347778
5,2T7QEQd8yKo,19,0,4,363.0,90.0,426.0,114.0,2,0.468359112739563
6,2T7QEQd8yKo,19,0,4,180.0,180.0,299.0,349.0,16,0.45387884974479675
