,youtube_id,class_id,object_id,image_nb,xmin,xmax,ymin,ymax,found_id,found_prec
0,2u_NLGQgyTI,7,0,10,130.0,54.0,413.0,351.0,15,0.4067801535129547
1,2u_NLGQgyTI,7,0,11,188.0,77.0,366.0,335.0,15,0.7503966093063354
2,2u_NLGQgyTI,7,0,13,266.0,81.0,466.0,357.0,15,0.5690624117851257
3,2u_NLGQgyTI,7,0,18,140.0,45.0,474.0,349.0,0,0.47102853655815125
