,youtube_id,class_id,object_id,image_nb,xmin,xmax,ymin,ymax,found_id,found_prec
0,2UGyCbp6iVs,23,0,3,51.0,30.0,80.0,57.0,32,0.5485808253288269
1,2UGyCbp6iVs,23,0,8,111.0,108.0,209.0,195.0,47,0.45764896273612976
2,2UGyCbp6iVs,23,0,9,3.0,25.0,471.0,346.0,69,0.4831261932849884
3,2UGyCbp6iVs,23,0,19,245.0,72.0,318.0,133.0,0,0.5259906053543091
