,youtube_id,class_id,object_id,image_nb,xmin,xmax,ymin,ymax,found_id,found_prec
0,2UW7iEH9Dcs,7,0,4,320.0,17.0,640.0,355.0,0,0.4459834098815918
1,2UW7iEH9Dcs,7,0,5,6.0,195.0,199.0,356.0,15,0.4211463928222656
2,2UW7iEH9Dcs,7,0,18,453.0,229.0,640.0,356.0,54,0.43709293007850647
