,youtube_id,class_id,object_id,image_nb,xmin,xmax,ymin,ymax,found_id,found_prec
0,2Vvr52xVcRw,0,0,1,149.0,35.0,340.0,350.0,0,0.8244890570640564
1,2Vvr52xVcRw,0,0,2,149.0,34.0,339.0,350.0,0,0.8420553803443909
2,2Vvr52xVcRw,0,0,3,156.0,71.0,397.0,349.0,0,0.41504308581352234
3,2Vvr52xVcRw,0,0,4,283.0,34.0,478.0,348.0,0,0.5151716470718384
4,2Vvr52xVcRw,0,0,6,153.0,11.0,473.0,352.0,0,0.4726661145687103
5,2Vvr52xVcRw,0,0,17,279.0,42.0,480.0,289.0,0,0.5684562921524048
