,youtube_id,class_id,object_id,image_nb,xmin,xmax,ymin,ymax,found_id,found_prec
0,2wk4cJeyThY,12,0,7,5.0,148.0,112.0,343.0,75,0.4477897584438324
1,2wk4cJeyThY,12,0,8,49.0,195.0,116.0,323.0,28,0.7102918028831482
2,2wk4cJeyThY,12,0,9,341.0,49.0,424.0,223.0,39,0.5419849157333374
3,2wk4cJeyThY,12,0,13,367.0,107.0,413.0,221.0,39,0.5413567423820496
4,2wk4cJeyThY,12,0,13,302.0,109.0,365.0,216.0,39,0.48242682218551636
5,2wk4cJeyThY,12,0,16,367.0,1.0,440.0,129.0,39,0.40958237648010254
6,2wk4cJeyThY,12,0,18,314.0,19.0,479.0,250.0,0,0.4670190215110779
7,2wk4cJeyThY,12,0,19,323.0,150.0,480.0,360.0,0,0.5801056623458862
