,youtube_id,class_id,object_id,image_nb,xmin,xmax,ymin,ymax,found_id,found_prec
0,2XKDwo62otE,20,0,5,24.0,88.0,412.0,298.0,19,0.4032951593399048
1,2XKDwo62otE,20,0,6,155.0,98.0,445.0,305.0,19,0.5030836462974548
2,2XKDwo62otE,20,0,9,34.0,103.0,380.0,311.0,19,0.5074605345726013
3,2XKDwo62otE,20,0,12,29.0,113.0,377.0,321.0,19,0.4048655927181244
4,2XKDwo62otE,20,0,13,213.0,128.0,392.0,321.0,19,0.45556655526161194
5,2XKDwo62otE,20,0,13,34.0,189.0,51.0,232.0,0,0.4001842737197876
6,2XKDwo62otE,20,0,14,24.0,194.0,125.0,355.0,0,0.45699596405029297
