,youtube_id,class_id,object_id,image_nb,xmin,xmax,ymin,ymax,found_id,found_prec
0,2XuE2MZJqqk,23,0,1,114.0,79.0,355.0,259.0,2,0.5658517479896545
1,2XuE2MZJqqk,23,0,2,114.0,80.0,356.0,259.0,2,0.6131331920623779
2,2XuE2MZJqqk,23,0,3,93.0,108.0,393.0,339.0,2,0.45955541729927063
3,2XuE2MZJqqk,23,0,10,7.0,28.0,480.0,348.0,2,0.5040751099586487
4,2XuE2MZJqqk,23,0,20,336.0,12.0,400.0,169.0,0,0.5431274175643921
5,2XuE2MZJqqk,23,0,20,8.0,57.0,454.0,360.0,2,0.4967311918735504
6,2XuE2MZJqqk,23,0,21,288.0,0.0,355.0,140.0,0,0.5730229616165161
