,youtube_id,class_id,object_id,image_nb,xmin,xmax,ymin,ymax,found_id,found_prec
0,2ycCn28em7M,7,0,2,161.0,5.0,366.0,243.0,16,0.488868772983551
1,2ycCn28em7M,7,0,3,51.0,173.0,297.0,358.0,16,0.43822118639945984
2,2ycCn28em7M,7,0,6,100.0,173.0,353.0,360.0,15,0.6019497513771057
3,2ycCn28em7M,7,0,8,0.0,243.0,39.0,356.0,39,0.6019465923309326
