,youtube_id,class_id,object_id,image_nb,xmin,xmax,ymin,ymax,found_id,found_prec
0,2ZbmOPJnsk8,15,0,3,0.0,11.0,466.0,268.0,6,0.6549021601676941
1,2ZbmOPJnsk8,15,0,6,53.0,138.0,78.0,216.0,0,0.410764217376709
2,2ZbmOPJnsk8,15,0,11,0.0,66.0,133.0,113.0,6,0.685889482498169
