,youtube_id,class_id,object_id,image_nb,xmin,xmax,ymin,ymax,found_id,found_prec
0,32HnubUG4qY,6,0,10,267.0,4.0,480.0,352.0,0,0.5979061126708984
1,32HnubUG4qY,6,0,11,347.0,41.0,480.0,353.0,0,0.6177302598953247
2,32HnubUG4qY,6,0,16,288.0,9.0,454.0,352.0,0,0.40090253949165344
3,32HnubUG4qY,6,0,18,326.0,138.0,433.0,353.0,0,0.44248098134994507
