,youtube_id,class_id,object_id,image_nb,xmin,xmax,ymin,ymax,found_id,found_prec
0,36aTd46Wm0o,18,0,10,0.0,0.0,313.0,236.0,61,0.4301031827926636
1,36aTd46Wm0o,18,0,15,78.0,5.0,291.0,227.0,61,0.504539966583252
2,36aTd46Wm0o,18,0,18,123.0,8.0,319.0,237.0,61,0.4917244017124176
