,youtube_id,class_id,object_id,image_nb,xmin,xmax,ymin,ymax,found_id,found_prec
0,3836zDeIt3c,19,0,2,0.0,30.0,524.0,356.0,0,0.4351632595062256
1,3836zDeIt3c,19,0,3,15.0,20.0,538.0,352.0,0,0.41909027099609375
2,3836zDeIt3c,19,0,11,232.0,14.0,482.0,359.0,0,0.6149410009384155
3,3836zDeIt3c,19,0,11,0.0,256.0,221.0,353.0,2,0.5873523950576782
