,youtube_id,class_id,object_id,image_nb,xmin,xmax,ymin,ymax,found_id,found_prec
0,3_JJA53X940,7,0,6,284.0,116.0,320.0,187.0,50,0.41298532485961914
1,3_JJA53X940,7,0,9,209.0,106.0,279.0,188.0,15,0.40819239616394043
