,youtube_id,class_id,object_id,image_nb,xmin,xmax,ymin,ymax,found_id,found_prec
0,3aT1MxVS428,11,0,3,14.0,0.0,480.0,360.0,3,0.4280104637145996
1,3aT1MxVS428,11,0,7,3.0,3.0,480.0,327.0,3,0.49829399585723877
2,3aT1MxVS428,11,0,8,3.0,7.0,479.0,324.0,3,0.5520897507667542
3,3aT1MxVS428,11,0,9,0.0,1.0,478.0,336.0,3,0.48474130034446716
4,3aT1MxVS428,11,0,12,0.0,3.0,310.0,289.0,3,0.44239696860313416
5,3aT1MxVS428,11,0,17,0.0,6.0,478.0,342.0,3,0.6669523119926453
6,3aT1MxVS428,11,0,18,0.0,11.0,477.0,358.0,3,0.5774815678596497
7,3aT1MxVS428,11,0,19,68.0,5.0,480.0,343.0,3,0.5075007677078247
