,youtube_id,class_id,object_id,image_nb,xmin,xmax,ymin,ymax,found_id,found_prec
0,3B3WD9Chsjg,18,0,3,164.0,122.0,273.0,274.0,61,0.7800412178039551
1,3B3WD9Chsjg,18,0,4,121.0,207.0,252.0,345.0,61,0.6792783141136169
2,3B3WD9Chsjg,18,0,5,56.0,29.0,255.0,341.0,61,0.4002475440502167
3,3B3WD9Chsjg,18,0,7,225.0,126.0,470.0,345.0,46,0.45524007081985474
