,youtube_id,class_id,object_id,image_nb,xmin,xmax,ymin,ymax,found_id,found_prec
0,3b6zYWP6SeI,9,0,3,57.0,25.0,127.0,120.0,50,0.48232153058052063
1,3b6zYWP6SeI,9,0,4,54.0,39.0,125.0,127.0,58,0.40936416387557983
2,3b6zYWP6SeI,9,0,5,67.0,304.0,128.0,359.0,39,0.49975794553756714
3,3b6zYWP6SeI,9,0,9,76.0,50.0,148.0,127.0,50,0.49591848254203796
4,3b6zYWP6SeI,9,0,9,1.0,1.0,121.0,92.0,50,0.4680047333240509
