,youtube_id,class_id,object_id,image_nb,xmin,xmax,ymin,ymax,found_id,found_prec
0,3bwIFS5IfDo,15,0,6,423.0,49.0,480.0,351.0,0,0.5209168791770935
1,3bwIFS5IfDo,15,0,7,419.0,29.0,480.0,354.0,0,0.42335301637649536
2,3bwIFS5IfDo,15,0,10,0.0,5.0,288.0,276.0,6,0.5211445689201355
3,3bwIFS5IfDo,15,0,10,418.0,45.0,480.0,354.0,0,0.44979995489120483
4,3bwIFS5IfDo,15,0,10,334.0,247.0,372.0,286.0,41,0.42296868562698364
5,3bwIFS5IfDo,15,0,16,416.0,53.0,480.0,358.0,0,0.43523555994033813
6,3bwIFS5IfDo,15,0,17,418.0,25.0,480.0,357.0,0,0.4122534692287445
7,3bwIFS5IfDo,15,0,19,422.0,31.0,480.0,356.0,0,0.537298321723938
