,youtube_id,class_id,object_id,image_nb,xmin,xmax,ymin,ymax,found_id,found_prec
0,3cu_jWLpEIM,7,0,9,0.0,42.0,463.0,345.0,15,0.5819556713104248
1,3cu_jWLpEIM,7,0,15,197.0,52.0,463.0,282.0,15,0.4434642493724823
2,3cu_jWLpEIM,7,0,16,193.0,56.0,476.0,294.0,15,0.45597580075263977
3,3cu_jWLpEIM,7,0,18,196.0,45.0,472.0,286.0,15,0.426401287317276
