,youtube_id,class_id,object_id,image_nb,xmin,xmax,ymin,ymax,found_id,found_prec
0,3DbvsLIUXiM,12,0,2,224.0,8.0,320.0,229.0,0,0.4098561704158783
1,3DbvsLIUXiM,12,0,5,139.0,191.0,196.0,236.0,51,0.4616014361381531
2,3DbvsLIUXiM,12,0,6,166.0,151.0,221.0,205.0,51,0.5364760756492615
3,3DbvsLIUXiM,12,0,8,133.0,90.0,185.0,134.0,51,0.5863891243934631
4,3DbvsLIUXiM,12,0,9,135.0,11.0,318.0,240.0,0,0.446353018283844
5,3DbvsLIUXiM,12,0,12,44.0,87.0,214.0,202.0,65,0.4901105761528015
6,3DbvsLIUXiM,12,0,17,75.0,6.0,320.0,130.0,0,0.4171879291534424
7,3DbvsLIUXiM,12,0,19,85.0,1.0,319.0,98.0,0,0.44004252552986145
