,youtube_id,class_id,object_id,image_nb,xmin,xmax,ymin,ymax,found_id,found_prec
0,3eWHG4j3ji8,4,0,5,18.0,40.0,48.0,76.0,5,0.43277809023857117
1,3eWHG4j3ji8,4,0,6,0.0,21.0,53.0,62.0,7,0.5232240557670593
2,3eWHG4j3ji8,4,0,8,54.0,31.0,96.0,80.0,41,0.4338556230068207
3,3eWHG4j3ji8,4,0,13,0.0,7.0,133.0,88.0,6,0.4308798313140869
