,youtube_id,class_id,object_id,image_nb,xmin,xmax,ymin,ymax,found_id,found_prec
0,3fFmW72aCJ8,6,0,1,0.0,0.0,80.0,170.0,0,0.45652925968170166
1,3fFmW72aCJ8,6,0,3,365.0,59.0,416.0,188.0,0,0.6159443259239197
2,3fFmW72aCJ8,6,0,4,400.0,52.0,439.0,177.0,0,0.7131622433662415
3,3fFmW72aCJ8,6,0,10,263.0,88.0,306.0,213.0,0,0.48326513171195984
4,3fFmW72aCJ8,6,0,11,357.0,71.0,424.0,210.0,0,0.64878910779953
5,3fFmW72aCJ8,6,0,12,12.0,68.0,273.0,297.0,19,0.43169981241226196
6,3fFmW72aCJ8,6,0,14,331.0,103.0,408.0,259.0,0,0.4518595337867737
