,youtube_id,class_id,object_id,image_nb,xmin,xmax,ymin,ymax,found_id,found_prec
0,3Fv9Af_qB-4,7,0,10,106.0,18.0,376.0,284.0,15,0.43798619508743286
1,3Fv9Af_qB-4,7,0,12,182.0,12.0,384.0,277.0,0,0.4133230745792389
2,3Fv9Af_qB-4,7,0,16,115.0,96.0,377.0,273.0,15,0.592246949672699
3,3Fv9Af_qB-4,7,0,17,110.0,72.0,372.0,234.0,15,0.551054835319519
4,3Fv9Af_qB-4,7,0,19,12.0,81.0,381.0,277.0,15,0.5031682848930359
