,youtube_id,class_id,object_id,image_nb,xmin,xmax,ymin,ymax,found_id,found_prec
0,3g0-IUY_MUQ,0,0,5,183.0,8.0,318.0,235.0,0,0.4154558777809143
1,3g0-IUY_MUQ,0,0,7,0.0,2.0,109.0,229.0,0,0.43781578540802
2,3g0-IUY_MUQ,0,0,9,0.0,5.0,35.0,227.0,0,0.40648314356803894
3,3g0-IUY_MUQ,0,0,14,153.0,60.0,234.0,87.0,67,0.5965315103530884
4,3g0-IUY_MUQ,0,0,14,0.0,8.0,140.0,239.0,0,0.46761393547058105
5,3g0-IUY_MUQ,0,0,15,134.0,68.0,214.0,96.0,67,0.6021793484687805
6,3g0-IUY_MUQ,0,0,15,0.0,9.0,84.0,236.0,0,0.45363521575927734
7,3g0-IUY_MUQ,0,0,17,130.0,0.0,316.0,230.0,0,0.4738645553588867
