,youtube_id,class_id,object_id,image_nb,xmin,xmax,ymin,ymax,found_id,found_prec
0,3HFqP9a97kA,1,0,3,150.0,184.0,336.0,360.0,77,0.4820444881916046
1,3HFqP9a97kA,1,0,7,264.0,24.0,399.0,139.0,77,0.4018091857433319
2,3HFqP9a97kA,1,0,8,296.0,239.0,362.0,309.0,54,0.41736099123954773
3,3HFqP9a97kA,1,0,15,188.0,234.0,262.0,357.0,75,0.717866063117981
4,3HFqP9a97kA,1,0,17,320.0,1.0,403.0,49.0,74,0.6180893182754517
