,youtube_id,class_id,object_id,image_nb,xmin,xmax,ymin,ymax,found_id,found_prec
0,3hi81pdqcGM,10,0,2,0.0,48.0,258.0,243.0,0,0.42127975821495056
1,3hi81pdqcGM,10,0,3,0.0,43.0,263.0,227.0,16,0.40039971470832825
2,3hi81pdqcGM,10,0,13,239.0,107.0,305.0,189.0,14,0.6057525277137756
3,3hi81pdqcGM,10,0,14,227.0,78.0,358.0,169.0,14,0.5148137211799622
4,3hi81pdqcGM,10,0,16,9.0,0.0,290.0,183.0,0,0.47212740778923035
