,youtube_id,class_id,object_id,image_nb,xmin,xmax,ymin,ymax,found_id,found_prec
0,3hjO1xtybjE,3,0,4,219.0,190.0,281.0,263.0,0,0.6114066243171692
1,3hjO1xtybjE,3,0,4,146.0,243.0,271.0,281.0,37,0.43980127573013306
2,3hjO1xtybjE,3,0,5,256.0,71.0,477.0,257.0,14,0.5260180830955505
3,3hjO1xtybjE,3,0,6,155.0,212.0,317.0,354.0,0,0.6153849363327026
4,3hjO1xtybjE,3,0,9,122.0,286.0,264.0,358.0,0,0.44015857577323914
5,3hjO1xtybjE,3,0,11,296.0,163.0,310.0,178.0,0,0.6289457082748413
6,3hjO1xtybjE,3,0,16,221.0,80.0,252.0,117.0,0,0.6421562433242798
