,youtube_id,class_id,object_id,image_nb,xmin,xmax,ymin,ymax,found_id,found_prec
0,3iUxEsr4afI,0,0,3,61.0,70.0,103.0,144.0,0,0.6579625606536865
1,3iUxEsr4afI,0,0,3,0.0,48.0,34.0,81.0,25,0.4620961546897888
2,3iUxEsr4afI,0,0,3,125.0,112.0,153.0,143.0,0,0.4220440983772278
3,3iUxEsr4afI,0,0,4,125.0,98.0,159.0,143.0,0,0.5548442602157593
4,3iUxEsr4afI,0,0,8,104.0,89.0,129.0,143.0,0,0.43833643198013306
5,3iUxEsr4afI,0,0,10,0.0,52.0,74.0,114.0,25,0.5448797941207886
