,youtube_id,class_id,object_id,image_nb,xmin,xmax,ymin,ymax,found_id,found_prec
0,3JM0JmhMw1k,7,0,3,146.0,5.0,419.0,353.0,0,0.5756737589836121
1,3JM0JmhMw1k,7,0,7,11.0,36.0,328.0,354.0,15,0.4175684452056885
2,3JM0JmhMw1k,7,0,12,157.0,25.0,479.0,350.0,15,0.5260981917381287
3,3JM0JmhMw1k,7,0,17,101.0,10.0,182.0,338.0,79,0.418353408575058
