,youtube_id,class_id,object_id,image_nb,xmin,xmax,ymin,ymax,found_id,found_prec
0,3k_poLyYxNI,19,0,6,87.0,255.0,305.0,355.0,18,0.5430693626403809
1,3k_poLyYxNI,19,0,9,67.0,176.0,293.0,359.0,0,0.4353598952293396
2,3k_poLyYxNI,19,0,11,94.0,93.0,347.0,296.0,16,0.6287485361099243
3,3k_poLyYxNI,19,0,12,182.0,96.0,378.0,331.0,16,0.6474624872207642
4,3k_poLyYxNI,19,0,15,114.0,73.0,323.0,306.0,16,0.4520152509212494
