,youtube_id,class_id,object_id,image_nb,xmin,xmax,ymin,ymax,found_id,found_prec
0,3lLk6__4C8w,3,0,6,163.0,179.0,461.0,356.0,37,0.44335711002349854
1,3lLk6__4C8w,3,0,9,19.0,97.0,476.0,348.0,4,0.5364617705345154
2,3lLk6__4C8w,3,0,11,136.0,134.0,475.0,352.0,37,0.4059581756591797
3,3lLk6__4C8w,3,0,17,0.0,235.0,245.0,357.0,0,0.5016591548919678
4,3lLk6__4C8w,3,0,19,2.0,221.0,301.0,360.0,8,0.5927322506904602
5,3lLk6__4C8w,3,0,19,118.0,309.0,174.0,359.0,0,0.44264423847198486
