,youtube_id,class_id,object_id,image_nb,xmin,xmax,ymin,ymax,found_id,found_prec
0,3Mb5sLqWfqg,2,0,9,114.0,15.0,149.0,39.0,2,0.5275917053222656
1,3Mb5sLqWfqg,2,0,9,86.0,7.0,123.0,36.0,2,0.5155121088027954
2,3Mb5sLqWfqg,2,0,18,0.0,195.0,46.0,255.0,2,0.5468189120292664
