,youtube_id,class_id,object_id,image_nb,xmin,xmax,ymin,ymax,found_id,found_prec
0,3o9PqOrM4rk,13,0,1,412.0,12.0,457.0,90.0,33,0.8592486381530762
1,3o9PqOrM4rk,13,0,2,413.0,12.0,457.0,91.0,33,0.8818342089653015
2,3o9PqOrM4rk,13,0,3,291.0,42.0,343.0,130.0,33,0.5892698764801025
3,3o9PqOrM4rk,13,0,3,386.0,70.0,432.0,146.0,33,0.409562349319458
4,3o9PqOrM4rk,13,0,4,152.0,12.0,199.0,98.0,33,0.5618205666542053
5,3o9PqOrM4rk,13,0,9,311.0,119.0,465.0,277.0,41,0.46361473202705383
6,3o9PqOrM4rk,13,0,15,220.0,82.0,370.0,236.0,41,0.524333119392395
7,3o9PqOrM4rk,13,0,16,283.0,92.0,435.0,249.0,41,0.509276807308197
8,3o9PqOrM4rk,13,0,18,0.0,7.0,480.0,336.0,2,0.4021674692630768
