,youtube_id,class_id,object_id,image_nb,xmin,xmax,ymin,ymax,found_id,found_prec
0,3Q_qY_5XTq4,11,0,8,6.0,12.0,480.0,354.0,3,0.42267030477523804
1,3Q_qY_5XTq4,11,0,15,235.0,46.0,284.0,93.0,51,0.6359066367149353
2,3Q_qY_5XTq4,11,0,18,202.0,279.0,451.0,358.0,2,0.44252562522888184
3,3Q_qY_5XTq4,11,1,1,198.0,1.0,253.0,132.0,0,0.8575632572174072
4,3Q_qY_5XTq4,11,1,1,144.0,1.0,182.0,98.0,0,0.7505069971084595
5,3Q_qY_5XTq4,11,1,2,199.0,1.0,252.0,131.0,0,0.8646188378334045
6,3Q_qY_5XTq4,11,1,2,144.0,2.0,184.0,99.0,0,0.76417475938797
7,3Q_qY_5XTq4,11,1,15,155.0,10.0,478.0,271.0,6,0.4262189269065857
