,youtube_id,class_id,object_id,image_nb,xmin,xmax,ymin,ymax,found_id,found_prec
0,3ThT7ND8qmk,12,0,3,97.0,93.0,136.0,138.0,74,0.4018356502056122
1,3ThT7ND8qmk,12,0,6,94.0,91.0,137.0,140.0,74,0.4260358512401581
2,3ThT7ND8qmk,12,0,15,0.0,36.0,480.0,356.0,60,0.4393610656261444
3,3ThT7ND8qmk,12,0,19,72.0,210.0,237.0,286.0,76,0.49822691082954407
4,3ThT7ND8qmk,12,1,5,319.0,1.0,480.0,158.0,0,0.47620484232902527
5,3ThT7ND8qmk,12,1,7,317.0,1.0,480.0,152.0,0,0.4444752037525177
6,3ThT7ND8qmk,12,1,9,319.0,1.0,479.0,133.0,0,0.41559192538261414
7,3ThT7ND8qmk,12,1,17,0.0,0.0,118.0,307.0,0,0.4000370502471924
