,youtube_id,class_id,object_id,image_nb,xmin,xmax,ymin,ymax,found_id,found_prec
0,3toYnzY_sc8,13,0,2,0.0,52.0,427.0,257.0,4,0.45756274461746216
1,3toYnzY_sc8,13,0,3,16.0,75.0,380.0,253.0,4,0.5120818018913269
2,3toYnzY_sc8,13,0,4,437.0,195.0,455.0,209.0,2,0.4489976465702057
3,3toYnzY_sc8,13,0,5,0.0,54.0,416.0,273.0,4,0.5217243432998657
4,3toYnzY_sc8,13,0,6,1.0,207.0,169.0,280.0,2,0.7943404316902161
5,3toYnzY_sc8,13,0,11,3.0,76.0,476.0,352.0,4,0.5123906135559082
6,3toYnzY_sc8,13,0,12,0.0,49.0,477.0,337.0,6,0.4381498396396637
7,3toYnzY_sc8,13,0,14,4.0,15.0,477.0,321.0,4,0.5799557566642761
8,3toYnzY_sc8,13,0,15,2.0,37.0,475.0,250.0,4,0.45849907398223877
