,youtube_id,class_id,object_id,image_nb,xmin,xmax,ymin,ymax,found_id,found_prec
0,3uf4cXyTbL8,1,0,4,576.0,152.0,773.0,557.0,14,0.8909574747085571
1,3uf4cXyTbL8,1,0,5,322.0,206.0,522.0,585.0,18,0.49313342571258545
2,3uf4cXyTbL8,1,0,5,679.0,344.0,1003.0,585.0,16,0.43137672543525696
