,youtube_id,class_id,object_id,image_nb,xmin,xmax,ymin,ymax,found_id,found_prec
0,3V3pumTcNM4,0,0,7,113.0,13.0,461.0,720.0,0,0.7516473531723022
1,3V3pumTcNM4,0,0,8,97.0,3.0,508.0,441.0,0,0.4368991255760193
2,3V3pumTcNM4,0,0,9,8.0,5.0,435.0,345.0,0,0.5534550547599792
3,3V3pumTcNM4,0,0,15,950.0,91.0,1004.0,141.0,32,0.40157485008239746
4,3V3pumTcNM4,0,0,16,0.0,101.0,634.0,689.0,79,0.5291417241096497
5,3V3pumTcNM4,0,0,19,27.0,6.0,536.0,649.0,0,0.7645248770713806
