,youtube_id,class_id,object_id,image_nb,xmin,xmax,ymin,ymax,found_id,found_prec
0,3wI_ureHDBY,15,0,5,116.0,122.0,160.0,147.0,6,0.5069994330406189
1,3wI_ureHDBY,15,0,6,95.0,120.0,161.0,157.0,6,0.5925458073616028
2,3wI_ureHDBY,15,0,6,56.0,119.0,101.0,161.0,7,0.4962681233882904
3,3wI_ureHDBY,15,0,7,11.0,93.0,122.0,201.0,6,0.6026986241340637
4,3wI_ureHDBY,15,0,8,5.0,95.0,147.0,201.0,6,0.6770350933074951
5,3wI_ureHDBY,15,0,10,4.0,88.0,159.0,208.0,6,0.5948426723480225
6,3wI_ureHDBY,15,0,12,9.0,88.0,140.0,198.0,6,0.6276450753211975
7,3wI_ureHDBY,15,0,15,15.0,109.0,156.0,180.0,6,0.5136358141899109
8,3wI_ureHDBY,15,0,16,5.0,111.0,113.0,181.0,6,0.5024829506874084
