,youtube_id,class_id,object_id,image_nb,xmin,xmax,ymin,ymax,found_id,found_prec
0,3WrB7zPpcHU,6,0,14,116.0,68.0,516.0,267.0,19,0.43587473034858704
1,3WrB7zPpcHU,6,1,8,250.0,23.0,622.0,351.0,19,0.4492463171482086
2,3WrB7zPpcHU,6,1,10,220.0,5.0,477.0,355.0,19,0.476835697889328
3,3WrB7zPpcHU,6,1,11,184.0,16.0,538.0,352.0,17,0.6325847506523132
