,youtube_id,class_id,object_id,image_nb,xmin,xmax,ymin,ymax,found_id,found_prec
0,3xnig2Tkfl0,14,0,10,235.0,43.0,309.0,105.0,14,0.48974233865737915
1,3xnig2Tkfl0,14,0,11,232.0,43.0,308.0,103.0,14,0.7189740538597107
2,3xnig2Tkfl0,14,0,12,90.0,1.0,236.0,94.0,0,0.41959115862846375
3,3xnig2Tkfl0,14,0,13,223.0,43.0,308.0,106.0,14,0.5651319622993469
