,youtube_id,class_id,object_id,image_nb,xmin,xmax,ymin,ymax,found_id,found_prec
0,3y779M-dCkY,19,0,7,173.0,1.0,389.0,174.0,0,0.4843033254146576
1,3y779M-dCkY,19,0,9,145.0,0.0,379.0,160.0,19,0.5286299586296082
2,3y779M-dCkY,19,0,10,149.0,0.0,394.0,188.0,17,0.6239590644836426
3,3y779M-dCkY,19,0,12,160.0,8.0,377.0,194.0,14,0.6510891318321228
4,3y779M-dCkY,19,0,13,97.0,183.0,350.0,359.0,0,0.5395574569702148
5,3y779M-dCkY,19,0,17,150.0,0.0,372.0,201.0,17,0.6349474787712097
6,3y779M-dCkY,19,0,18,173.0,0.0,382.0,226.0,16,0.6898192763328552
