,youtube_id,class_id,object_id,image_nb,xmin,xmax,ymin,ymax,found_id,found_prec
0,4-qDKF3l1ZE,5,0,3,0.0,12.0,83.0,229.0,0,0.60992431640625
1,4-qDKF3l1ZE,5,0,4,185.0,65.0,296.0,286.0,21,0.7967149019241333
2,4-qDKF3l1ZE,5,0,9,370.0,6.0,480.0,354.0,0,0.5019249320030212
3,4-qDKF3l1ZE,5,0,13,92.0,129.0,222.0,351.0,21,0.6029363870620728
4,4-qDKF3l1ZE,5,0,14,92.0,78.0,229.0,342.0,21,0.6560412645339966
