,youtube_id,class_id,object_id,image_nb,xmin,xmax,ymin,ymax,found_id,found_prec
0,406Tj4ljyxM,7,0,7,299.0,65.0,480.0,326.0,21,0.6183037757873535
1,406Tj4ljyxM,7,0,13,32.0,20.0,275.0,360.0,16,0.6038879156112671
2,406Tj4ljyxM,7,0,14,31.0,23.0,276.0,359.0,16,0.7141619324684143
3,406Tj4ljyxM,7,0,15,31.0,23.0,276.0,359.0,16,0.7172813415527344
4,406Tj4ljyxM,7,0,16,30.0,21.0,279.0,359.0,16,0.6690176129341125
