,youtube_id,class_id,object_id,image_nb,xmin,xmax,ymin,ymax,found_id,found_prec
0,41sB5JMlazs,20,0,1,142.0,14.0,363.0,263.0,16,0.512723982334137
1,41sB5JMlazs,20,0,1,143.0,14.0,364.0,261.0,19,0.4021635055541992
2,41sB5JMlazs,20,0,2,145.0,16.0,359.0,263.0,16,0.6300709247589111
3,41sB5JMlazs,20,0,4,176.0,10.0,391.0,263.0,16,0.4093203544616699
4,41sB5JMlazs,20,0,7,126.0,0.0,441.0,257.0,0,0.4828213155269623
5,41sB5JMlazs,20,0,15,46.0,71.0,247.0,244.0,20,0.8597105741500854
6,41sB5JMlazs,20,0,15,113.0,33.0,347.0,247.0,20,0.6284345388412476
7,41sB5JMlazs,20,0,16,194.0,9.0,354.0,250.0,14,0.4127349555492401
