,youtube_id,class_id,object_id,image_nb,xmin,xmax,ymin,ymax,found_id,found_prec
0,43Rus9mqsR0,7,0,14,0.0,42.0,199.0,240.0,15,0.5641010999679565
1,43Rus9mqsR0,7,0,15,2.0,45.0,226.0,235.0,15,0.6237568259239197
2,43Rus9mqsR0,7,0,17,0.0,13.0,207.0,234.0,15,0.4270942509174347
