,youtube_id,class_id,object_id,image_nb,xmin,xmax,ymin,ymax,found_id,found_prec
0,43WJCAeH0tU,0,0,3,191.0,53.0,265.0,317.0,0,0.45637184381484985
1,43WJCAeH0tU,0,0,16,151.0,182.0,303.0,360.0,0,0.5502360463142395
2,43WJCAeH0tU,0,0,16,374.0,251.0,418.0,317.0,24,0.44929322600364685
3,43WJCAeH0tU,0,0,16,369.0,214.0,447.0,353.0,0,0.43969202041625977
