,youtube_id,class_id,object_id,image_nb,xmin,xmax,ymin,ymax,found_id,found_prec
0,442Ei8-eiUg,11,0,1,16.0,10.0,477.0,351.0,5,0.42847222089767456
1,442Ei8-eiUg,11,0,3,4.0,9.0,480.0,357.0,5,0.4250679016113281
2,442Ei8-eiUg,11,0,14,123.0,42.0,476.0,352.0,3,0.4591570496559143
3,442Ei8-eiUg,11,0,15,179.0,81.0,469.0,357.0,3,0.47784626483917236
4,442Ei8-eiUg,11,0,17,186.0,95.0,215.0,154.0,0,0.48686087131500244
5,442Ei8-eiUg,11,0,19,163.0,4.0,478.0,341.0,3,0.4269002676010132
