,youtube_id,class_id,object_id,image_nb,xmin,xmax,ymin,ymax,found_id,found_prec
0,44W4aupDwps,7,0,3,344.0,1.0,1255.0,698.0,15,0.4938126504421234
1,44W4aupDwps,7,0,4,82.0,0.0,1250.0,705.0,15,0.5853232145309448
2,44W4aupDwps,7,0,5,357.0,5.0,1250.0,695.0,15,0.5229026675224304
3,44W4aupDwps,7,0,5,0.0,0.0,561.0,686.0,0,0.43271613121032715
4,44W4aupDwps,7,0,6,0.0,0.0,1217.0,701.0,0,0.4432976543903351
5,44W4aupDwps,7,0,10,460.0,0.0,1256.0,678.0,15,0.6158880591392517
6,44W4aupDwps,7,0,14,728.0,0.0,1280.0,501.0,15,0.5049127340316772
7,44W4aupDwps,7,0,14,10.0,0.0,1277.0,709.0,15,0.4359744191169739
