,youtube_id,class_id,object_id,image_nb,xmin,xmax,ymin,ymax,found_id,found_prec
0,459EAS8n48g,19,0,5,255.0,192.0,479.0,359.0,0,0.6634737849235535
1,459EAS8n48g,19,0,5,73.0,42.0,384.0,354.0,15,0.4748135805130005
2,459EAS8n48g,19,0,8,140.0,258.0,206.0,331.0,54,0.5551592707633972
3,459EAS8n48g,19,0,9,101.0,45.0,449.0,355.0,0,0.4520286023616791
4,459EAS8n48g,19,0,11,270.0,33.0,480.0,354.0,0,0.4719197750091553
5,459EAS8n48g,19,0,13,164.0,27.0,480.0,358.0,0,0.45671209692955017
6,459EAS8n48g,19,0,17,275.0,8.0,480.0,354.0,0,0.6963956356048584
