,youtube_id,class_id,object_id,image_nb,xmin,xmax,ymin,ymax,found_id,found_prec
0,45q41JQlxgs,11,0,6,6.0,5.0,636.0,348.0,3,0.5318639874458313
1,45q41JQlxgs,11,0,7,15.0,5.0,640.0,352.0,3,0.5392325520515442
2,45q41JQlxgs,11,0,8,0.0,1.0,606.0,348.0,3,0.566114068031311
3,45q41JQlxgs,11,0,9,29.0,5.0,629.0,347.0,3,0.40636730194091797
4,45q41JQlxgs,11,0,11,3.0,4.0,639.0,347.0,3,0.49452295899391174
5,45q41JQlxgs,11,0,12,23.0,0.0,640.0,342.0,3,0.8027487993240356
