,youtube_id,class_id,object_id,image_nb,xmin,xmax,ymin,ymax,found_id,found_prec
0,46_jvoKfMjk,12,0,4,465.0,43.0,1269.0,713.0,37,0.6792730093002319
1,46_jvoKfMjk,12,0,5,368.0,0.0,1257.0,711.0,37,0.5826470851898193
2,46_jvoKfMjk,12,0,6,738.0,131.0,1280.0,717.0,0,0.6345385313034058
3,46_jvoKfMjk,12,0,7,894.0,119.0,1279.0,713.0,0,0.5994274020195007
4,46_jvoKfMjk,12,0,8,945.0,366.0,1146.0,711.0,67,0.5005528330802917
5,46_jvoKfMjk,12,0,9,819.0,372.0,1280.0,711.0,0,0.6231614351272583
6,46_jvoKfMjk,12,0,10,823.0,370.0,1280.0,715.0,0,0.6486671566963196
7,46_jvoKfMjk,12,0,10,739.0,418.0,967.0,631.0,67,0.5278173089027405
8,46_jvoKfMjk,12,0,10,740.0,415.0,970.0,636.0,65,0.4797089397907257
