,youtube_id,class_id,object_id,image_nb,xmin,xmax,ymin,ymax,found_id,found_prec
0,49CwzbRIUpI,1,0,13,210.0,109.0,352.0,236.0,8,0.49904853105545044
1,49CwzbRIUpI,1,0,15,102.0,203.0,334.0,282.0,8,0.519750714302063
2,49CwzbRIUpI,1,0,16,83.0,206.0,321.0,279.0,8,0.41154566407203674
3,49CwzbRIUpI,1,1,10,152.0,73.0,247.0,224.0,14,0.40215495228767395
