,youtube_id,class_id,object_id,image_nb,xmin,xmax,ymin,ymax,found_id,found_prec
0,4A4G6jAgs0Q,16,0,1,224.0,173.0,350.0,238.0,2,0.5756751298904419
1,4A4G6jAgs0Q,16,0,3,224.0,198.0,330.0,239.0,28,0.47254663705825806
2,4A4G6jAgs0Q,16,0,7,224.0,104.0,350.0,239.0,7,0.5680117011070251
3,4A4G6jAgs0Q,16,0,9,321.0,144.0,349.0,200.0,0,0.47116491198539734
4,4A4G6jAgs0Q,16,0,10,118.0,72.0,190.0,116.0,28,0.4244910776615143
