,youtube_id,class_id,object_id,image_nb,xmin,xmax,ymin,ymax,found_id,found_prec
0,4ARhlapmEmI,19,0,8,306.0,58.0,401.0,148.0,0,0.4032888114452362
1,4ARhlapmEmI,19,0,10,422.0,248.0,456.0,322.0,39,0.5738059282302856
2,4ARhlapmEmI,19,0,10,451.0,250.0,480.0,318.0,39,0.5524729490280151
3,4ARhlapmEmI,19,0,13,225.0,83.0,312.0,172.0,54,0.513547956943512
