,youtube_id,class_id,object_id,image_nb,xmin,xmax,ymin,ymax,found_id,found_prec
0,4EIUjqpRHEM,0,0,1,305.0,49.0,322.0,105.0,0,0.5052464008331299
1,4EIUjqpRHEM,0,0,1,251.0,71.0,263.0,108.0,0,0.46302375197410583
2,4EIUjqpRHEM,0,0,3,2.0,213.0,194.0,360.0,0,0.4203937351703644
3,4EIUjqpRHEM,0,0,9,4.0,166.0,450.0,359.0,2,0.41586941480636597
4,4EIUjqpRHEM,0,0,10,112.0,50.0,132.0,101.0,0,0.5959693193435669
5,4EIUjqpRHEM,0,0,13,0.0,58.0,448.0,357.0,2,0.5396536588668823
6,4EIUjqpRHEM,0,0,16,117.0,82.0,128.0,106.0,0,0.4019004702568054
7,4EIUjqpRHEM,0,0,18,396.0,24.0,412.0,70.0,0,0.5593353509902954
8,4EIUjqpRHEM,0,0,19,371.0,41.0,384.0,78.0,0,0.4839407205581665
