,youtube_id,class_id,object_id,image_nb,xmin,xmax,ymin,ymax,found_id,found_prec
0,4JcaBLQYdA8,5,0,11,4.0,69.0,453.0,315.0,21,0.4784029424190521
1,4JcaBLQYdA8,5,0,14,77.0,53.0,428.0,311.0,21,0.40487590432167053
2,4JcaBLQYdA8,5,0,15,0.0,47.0,230.0,316.0,21,0.679391086101532
3,4JcaBLQYdA8,5,0,18,236.0,47.0,480.0,255.0,0,0.47457247972488403
4,4JcaBLQYdA8,5,0,19,344.0,46.0,480.0,185.0,0,0.4590129554271698
