,youtube_id,class_id,object_id,image_nb,xmin,xmax,ymin,ymax,found_id,found_prec
0,4JhLkFbixlQ,21,0,7,125.0,166.0,431.0,356.0,0,0.41169223189353943
1,4JhLkFbixlQ,21,0,11,116.0,47.0,447.0,353.0,0,0.5217622518539429
2,4JhLkFbixlQ,21,0,12,135.0,57.0,430.0,355.0,0,0.6187970042228699
3,4JhLkFbixlQ,21,0,18,382.0,123.0,440.0,163.0,67,0.6306753754615784
