,youtube_id,class_id,object_id,image_nb,xmin,xmax,ymin,ymax,found_id,found_prec
0,4MBXzQRCAio,19,0,14,140.0,95.0,233.0,236.0,0,0.707998514175415
1,4MBXzQRCAio,19,0,15,109.0,73.0,190.0,227.0,16,0.4473806321620941
2,4MBXzQRCAio,19,0,19,77.0,98.0,227.0,200.0,19,0.681271493434906
