,youtube_id,class_id,object_id,image_nb,xmin,xmax,ymin,ymax,found_id,found_prec
0,4N_vVCzJTWk,19,0,1,58.0,4.0,318.0,230.0,0,0.5437570214271545
1,4N_vVCzJTWk,19,0,2,50.0,3.0,320.0,232.0,0,0.480184942483902
2,4N_vVCzJTWk,19,0,5,177.0,9.0,320.0,213.0,0,0.40923306345939636
3,4N_vVCzJTWk,19,0,7,203.0,1.0,320.0,95.0,46,0.49060553312301636
4,4N_vVCzJTWk,19,0,10,12.0,5.0,150.0,225.0,40,0.4126547873020172
