,youtube_id,class_id,object_id,image_nb,xmin,xmax,ymin,ymax,found_id,found_prec
0,4Nx45ho9gSg,0,0,6,173.0,90.0,190.0,117.0,0,0.4735748767852783
1,4Nx45ho9gSg,0,0,6,174.0,102.0,191.0,120.0,3,0.47064438462257385
2,4Nx45ho9gSg,0,0,12,183.0,93.0,195.0,113.0,0,0.477236807346344
3,4Nx45ho9gSg,0,0,12,224.0,85.0,229.0,97.0,0,0.4242229163646698
