,youtube_id,class_id,object_id,image_nb,xmin,xmax,ymin,ymax,found_id,found_prec
0,4PNvdZPZIdM,15,0,4,29.0,299.0,54.0,360.0,0,0.466020792722702
1,4PNvdZPZIdM,15,0,5,397.0,181.0,444.0,241.0,62,0.43414196372032166
2,4PNvdZPZIdM,15,0,6,91.0,305.0,126.0,322.0,2,0.47883033752441406
3,4PNvdZPZIdM,15,0,7,63.0,316.0,103.0,335.0,2,0.48525798320770264
4,4PNvdZPZIdM,15,0,9,61.0,282.0,91.0,352.0,0,0.4882921576499939
5,4PNvdZPZIdM,15,0,9,91.0,315.0,127.0,332.0,2,0.43376386165618896
6,4PNvdZPZIdM,15,0,19,160.0,179.0,202.0,273.0,5,0.7268996834754944
