,youtube_id,class_id,object_id,image_nb,xmin,xmax,ymin,ymax,found_id,found_prec
0,4Sm4cC9lgAg,11,0,1,18.0,33.0,480.0,355.0,3,0.42731964588165283
1,4Sm4cC9lgAg,11,0,2,9.0,35.0,480.0,355.0,3,0.49118727445602417
2,4Sm4cC9lgAg,11,0,3,12.0,94.0,480.0,358.0,3,0.5130975842475891
3,4Sm4cC9lgAg,11,0,4,119.0,89.0,480.0,355.0,3,0.45395463705062866
4,4Sm4cC9lgAg,11,0,5,0.0,26.0,480.0,353.0,3,0.4673323333263397
5,4Sm4cC9lgAg,11,0,6,0.0,0.0,460.0,356.0,4,0.4143790900707245
