,youtube_id,class_id,object_id,image_nb,xmin,xmax,ymin,ymax,found_id,found_prec
0,4WKgEK69vXk,18,0,2,160.0,107.0,513.0,356.0,61,0.4534631669521332
1,4WKgEK69vXk,18,0,12,62.0,15.0,374.0,356.0,54,0.5104623436927795
2,4WKgEK69vXk,18,0,14,40.0,0.0,494.0,356.0,61,0.5011721849441528
3,4WKgEK69vXk,18,0,15,43.0,0.0,487.0,357.0,61,0.5581203699111938
